Date,Pcpn
1/1/01,0.13
1/2/01,0.13
1/3/01,0.37
1/4/01,2.04
1/5/01,1.87
1/6/01,3.54
1/7/01,9.84
1/8/01,170.65
1/9/01,76.62
1/10/01,280.02
1/11/01,537.69
1/12/01,137.68
1/13/01,21.01
1/14/01,10.43
1/15/01,12.34
1/16/01,7.91
1/17/01,3.69
1/18/01,1.74
1/19/01,3.35
1/20/01,1.73
1/21/01,1.63
1/22/01,0.99
1/23/01,66.75
1/24/01,233.8
1/25/01,136.13
1/26/01,213.84
1/27/01,34.57
1/28/01,9.35
1/29/01,41.06
1/30/01,2.94
1/31/01,4.3
2/1/01,2.88
2/2/01,6.74
2/3/01,2.99
2/4/01,0.91
2/5/01,1.28
2/6/01,6.88
2/7/01,18.2
2/8/01,12.76
2/9/01,132.15
2/10/01,215.22
2/11/01,240.63
2/12/01,248.72
2/13/01,213.72
2/14/01,32.05
2/15/01,7.56
2/16/01,6.11
2/17/01,52.75
2/18/01,84.11
2/19/01,154.78
2/20/01,203.88
2/21/01,136.02
2/22/01,161.23
2/23/01,128.95
2/24/01,169.26
2/25/01,220.26
2/26/01,126.65
2/27/01,60.75
2/28/01,54.89
3/1/01,18.97
3/2/01,87.11
3/3/01,48.11
3/4/01,255.1
3/5/01,337.59
3/6/01,120.39
3/7/01,32.2
3/8/01,6.65
3/9/01,26.58
3/10/01,35.29
3/11/01,10.45
3/12/01,2.73
3/13/01,0.52
3/14/01,6.59
3/15/01,1.87
3/16/01,0.7
3/17/01,3.19
3/18/01,1.97
3/19/01,3.41
3/20/01,3.63
3/21/01,2.43
3/22/01,3.99
3/23/01,2.03
3/24/01,41.92
3/25/01,87.19
3/26/01,9.7
3/27/01,4.58
3/28/01,13.09
3/29/01,2.27
3/30/01,0.63
3/31/01,13
4/1/01,1.6
4/2/01,8.35
4/3/01,7.5
4/4/01,2.86
4/5/01,8.19
4/6/01,74.69
4/7/01,242.11
4/8/01,54.71
4/9/01,44.29
4/10/01,28.86
4/11/01,25.63
4/12/01,29.45
4/13/01,2.35
4/14/01,2.51
4/15/01,1.96
4/16/01,6.29
4/17/01,19.7
4/18/01,26.5
4/19/01,74.62
4/20/01,161.34
4/21/01,159.92
4/22/01,11.91
4/23/01,4.44
4/24/01,0.62
4/25/01,0.26
4/26/01,0.11
4/27/01,1.83
4/28/01,9.55
4/29/01,1.09
4/30/01,14.87
5/1/01,0.94
5/2/01,1.41
5/3/01,0.43
5/4/01,0.45
5/5/01,0.55
5/6/01,0.08
5/7/01,0.91
5/8/01,0.2
5/9/01,0.27
5/10/01,14.01
5/11/01,0.36
5/12/01,4.41
5/13/01,1.29
5/14/01,8.35
5/15/01,37.14
5/16/01,10.05
5/17/01,0.69
5/18/01,0.55
5/19/01,0.87
5/20/01,0.46
5/21/01,0.5
5/22/01,1.62
5/23/01,0.4
5/24/01,0.87
5/25/01,0.64
5/26/01,0.55
5/27/01,2.32
5/28/01,2.19
5/29/01,0.55
5/30/01,14.14
5/31/01,0.55
6/1/01,0.22
6/2/01,0.47
6/3/01,0.39
6/4/01,0.06
6/5/01,0.83
6/6/01,0.1
6/7/01,0.12
6/8/01,0.14
6/9/01,0.05
6/10/01,0.06
6/11/01,1.34
6/12/01,2.04
6/13/01,0.1
6/14/01,0.02
6/15/01,0.04
6/16/01,0.51
6/17/01,0.09
6/18/01,0.13
6/19/01,0.15
6/20/01,0.02
6/21/01,0.46
6/22/01,0.07
6/23/01,1
6/24/01,0.8
6/25/01,4.29
6/26/01,32.43
6/27/01,68.21
6/28/01,18.95
6/29/01,0.01
6/30/01,0
7/1/01,0.05
7/2/01,0.93
7/3/01,2.41
7/4/01,4.58
7/5/01,6.46
7/6/01,14.06
7/7/01,16.51
7/8/01,4.08
7/9/01,23.67
7/10/01,6.57
7/11/01,8.84
7/12/01,3.73
7/13/01,0.13
7/14/01,1.64
7/15/01,0.46
7/16/01,0.85
7/17/01,15.28
7/18/01,0.93
7/19/01,0.51
7/20/01,0.53
7/21/01,0.05
7/22/01,0
7/23/01,0.24
7/24/01,0.04
7/25/01,0.01
7/26/01,0.01
7/27/01,0.01
7/28/01,0
7/29/01,0.12
7/30/01,3.81
7/31/01,15.32
8/1/01,0.27
8/2/01,0.26
8/3/01,0.13
8/4/01,0.42
8/5/01,14.96
8/6/01,0.13
8/7/01,0.95
8/8/01,2.14
8/9/01,3.13
8/10/01,0.24
8/11/01,0.1
8/12/01,0.61
8/13/01,0.51
8/14/01,0.5
8/15/01,0.1
8/16/01,0.1
8/17/01,0.11
8/18/01,0.04
8/19/01,0.07
8/20/01,0.42
8/21/01,14.99
8/22/01,3.03
8/23/01,6.84
8/24/01,0.31
8/25/01,0.06
8/26/01,0
8/27/01,0.12
8/28/01,0.19
8/29/01,0.19
8/30/01,0.43
8/31/01,0.29
9/1/01,1.49
9/2/01,7.2
9/3/01,5.48
9/4/01,0.39
9/5/01,3.15
9/6/01,3.27
9/7/01,3
9/8/01,0.21
9/9/01,3.49
9/10/01,3.19
9/11/01,4.07
9/12/01,5.88
9/13/01,6.37
9/14/01,3.91
9/15/01,5.78
9/16/01,3.72
9/17/01,3.93
9/18/01,0.21
9/19/01,0.14
9/20/01,0.33
9/21/01,0.1
9/22/01,0.3
9/23/01,0.08
9/24/01,17.68
9/25/01,92.83
9/26/01,6.17
9/27/01,0.75
9/28/01,0.3
9/29/01,0.43
9/30/01,0.23
10/1/01,0.13
10/2/01,0.05
10/3/01,0.05
10/4/01,2.83
10/5/01,0.14
10/6/01,1.19
10/7/01,0.79
10/8/01,3.06
10/9/01,0.5
10/10/01,1.42
10/11/01,8.81
10/12/01,0.68
10/13/01,0.03
10/14/01,0.07
10/15/01,1.53
10/16/01,0.14
10/17/01,0.03
10/18/01,0.04
10/19/01,0.04
10/20/01,0.03
10/21/01,0.83
10/22/01,4.17
10/23/01,9.14
10/24/01,0.05
10/25/01,0.05
10/26/01,0.06
10/27/01,0.7
10/28/01,2.37
10/29/01,18.71
10/30/01,221
10/31/01,95.98
11/1/01,3.77
11/2/01,0.28
11/3/01,0.53
11/4/01,5.01
11/5/01,3.03
11/6/01,3.76
11/7/01,0.24
11/8/01,0.09
11/9/01,0.18
11/10/01,30.28
11/11/01,130.63
11/12/01,297.42
11/13/01,225.3
11/14/01,40.68
11/15/01,16.54
11/16/01,50.47
11/17/01,18.71
11/18/01,2.65
11/19/01,13.62
11/20/01,39.07
11/21/01,157.19
11/22/01,235.13
11/23/01,50.29
11/24/01,396.57
11/25/01,172.51
11/26/01,40.72
11/27/01,17.13
11/28/01,106.1
11/29/01,307.94
11/30/01,47.62
12/1/01,247.32
12/2/01,416.78
12/3/01,232.93
12/4/01,23.82
12/5/01,129.6
12/6/01,97.23
12/7/01,4.01
12/8/01,5.71
12/9/01,42.88
12/10/01,28.81
12/11/01,5.86
12/12/01,7.02
12/13/01,59.12
12/14/01,274.33
12/15/01,21.96
12/16/01,26.86
12/17/01,164.62
12/18/01,39.2
12/19/01,68.66
12/20/01,188.96
12/21/01,161.24
12/22/01,112.59
12/23/01,81.29
12/24/01,4.34
12/25/01,6.99
12/26/01,12.27
12/27/01,21.36
12/28/01,144.46
12/29/01,249.67
12/30/01,130.21
12/31/01,186.14
1/1/02,82.16
1/2/02,306.16
1/3/02,111.13
1/4/02,19.79
1/5/02,60.35
1/6/02,168.31
1/7/02,46.53
1/8/02,31.5
1/9/02,5.67
1/10/02,1.6
1/11/02,0.6
1/12/02,3.49
1/13/02,0.32
1/14/02,1.83
1/15/02,2.07
1/16/02,3.53
1/17/02,3.32
1/18/02,0.93
1/19/02,4.44
1/20/02,3.94
1/21/02,45.56
1/22/02,41.29
1/23/02,8.36
1/24/02,1.9
1/25/02,19.11
1/26/02,121.65
1/27/02,99.05
1/28/02,86.69
1/29/02,40.36
1/30/02,10.95
1/31/02,5.54
2/1/02,12.88
2/2/02,3.23
2/3/02,5.14
2/4/02,1.71
2/5/02,1.36
2/6/02,9.79
2/7/02,101.95
2/8/02,118.86
2/9/02,3.32
2/10/02,2.81
2/11/02,2.84
2/12/02,0.02
2/13/02,3.34
2/14/02,3.65
2/15/02,1.83
2/16/02,28.31
2/17/02,150.58
2/18/02,33.63
2/19/02,144.08
2/20/02,187.1
2/21/02,7.96
2/22/02,6.39
2/23/02,39.86
2/24/02,7.8
2/25/02,0.86
2/26/02,0.31
2/27/02,0.11
2/28/02,0.54
3/1/02,1.35
3/2/02,0.21
3/3/02,0.75
3/4/02,0.78
3/5/02,16.65
3/6/02,189.41
3/7/02,229.39
3/8/02,57.96
3/9/02,18.33
3/10/02,114.3
3/11/02,25.89
3/12/02,14.13
3/13/02,23.58
3/14/02,12.42
3/15/02,10.86
3/16/02,29.91
3/17/02,73.56
3/18/02,60.23
3/19/02,4.11
3/20/02,1.58
3/21/02,2.39
3/22/02,54.85
3/23/02,195.64
3/24/02,77.26
3/25/02,14.26
3/26/02,1.17
3/27/02,0.95
3/28/02,1.43
3/29/02,0.61
3/30/02,0.23
3/31/02,0.14
4/1/02,0.26
4/2/02,0.62
4/3/02,0.67
4/4/02,0.93
4/5/02,1.21
4/6/02,5.26
4/7/02,0.43
4/8/02,1.42
4/9/02,14.81
4/10/02,23.13
4/11/02,6.2
4/12/02,1.34
4/13/02,3.47
4/14/02,15.1
4/15/02,13.77
4/16/02,31.08
4/17/02,91.53
4/18/02,30.01
4/19/02,10.18
4/20/02,4.31
4/21/02,0.93
4/22/02,0.42
4/23/02,0.63
4/24/02,13.53
4/25/02,6.67
4/26/02,36.94
4/27/02,37.42
4/28/02,11.74
4/29/02,45.12
4/30/02,61.3
5/1/02,14.7
5/2/02,1.55
5/3/02,0.36
5/4/02,0.41
5/5/02,0.84
5/6/02,0.06
5/7/02,0.13
5/8/02,0.21
5/9/02,0.32
5/10/02,2.12
5/11/02,2.26
5/12/02,0.64
5/13/02,0.36
5/14/02,0.36
5/15/02,0.31
5/16/02,0.22
5/17/02,0.3
5/18/02,1.31
5/19/02,37.5
5/20/02,147.97
5/21/02,105.82
5/22/02,8.16
5/23/02,3.01
5/24/02,0.42
5/25/02,0.78
5/26/02,0.25
5/27/02,2.6
5/28/02,4.76
5/29/02,1.86
5/30/02,0.09
5/31/02,4.42
6/1/02,7.4
6/2/02,0.37
6/3/02,0.73
6/4/02,0.09
6/5/02,0.12
6/6/02,0.1
6/7/02,0.01
6/8/02,0.07
6/9/02,0.93
6/10/02,0.08
6/11/02,0.02
6/12/02,0.05
6/13/02,0.04
6/14/02,0.07
6/15/02,0.11
6/16/02,0
6/17/02,2.53
6/18/02,5.89
6/19/02,0.14
6/20/02,0.24
6/21/02,5.03
6/22/02,4.36
6/23/02,0.48
6/24/02,0.48
6/25/02,0.06
6/26/02,1.89
6/27/02,0.97
6/28/02,0.19
6/29/02,1.12
6/30/02,0.26
7/1/02,0
7/2/02,0.07
7/3/02,0
7/4/02,0.01
7/5/02,0
7/6/02,0
7/7/02,0.09
7/8/02,0.13
7/9/02,0
7/10/02,0.29
7/11/02,1.03
7/12/02,2.82
7/13/02,1.98
7/14/02,1.12
7/15/02,0.97
7/16/02,0.42
7/17/02,2.17
7/18/02,3.64
7/19/02,4.45
7/20/02,0.34
7/21/02,1.46
7/22/02,1.81
7/23/02,1.28
7/24/02,1.17
7/25/02,1.87
7/26/02,0.04
7/27/02,0.03
7/28/02,0.01
7/29/02,0.01
7/30/02,0.02
7/31/02,1.79
8/1/02,1.45
8/2/02,0.64
8/3/02,0.55
8/4/02,0.47
8/5/02,0.08
8/6/02,0.05
8/7/02,0.3
8/8/02,0.1
8/9/02,0.1
8/10/02,0.13
8/11/02,0
8/12/02,0
8/13/02,0.02
8/14/02,0
8/15/02,0.03
8/16/02,0.06
8/17/02,0.03
8/18/02,0.05
8/19/02,0.61
8/20/02,0.69
8/21/02,0
8/22/02,0.13
8/23/02,0.08
8/24/02,0.11
8/25/02,0.14
8/26/02,0.2
8/27/02,0.25
8/28/02,0.07
8/29/02,0.23
8/30/02,0.14
8/31/02,0.21
9/1/02,0.16
9/2/02,0.36
9/3/02,0.31
9/4/02,1.32
9/5/02,1.39
9/6/02,12.99
9/7/02,15.73
9/8/02,0.75
9/9/02,0.35
9/10/02,3.74
9/11/02,0.24
9/12/02,0.03
9/13/02,0.18
9/14/02,0.02
9/15/02,0.25
9/16/02,0.24
9/17/02,1.99
9/18/02,1.78
9/19/02,0.01
9/20/02,0.06
9/21/02,0.03
9/22/02,0.07
9/23/02,0.04
9/24/02,0.02
9/25/02,0.08
9/26/02,0.12
9/27/02,0.52
9/28/02,4.84
9/29/02,4.21
9/30/02,0.62
10/1/02,4.19
10/2/02,3.2
10/3/02,1.01
10/4/02,1.93
10/5/02,0.44
10/6/02,0
10/7/02,0.02
10/8/02,0
10/9/02,0.08
10/10/02,0.68
10/11/02,0.02
10/12/02,0.01
10/13/02,0.02
10/14/02,0
10/15/02,0.04
10/16/02,0.11
10/17/02,0.49
10/18/02,0.27
10/19/02,0.02
10/20/02,0.37
10/21/02,0.93
10/22/02,0.55
10/23/02,0.5
10/24/02,0.21
10/25/02,2.08
10/26/02,2.95
10/27/02,0.88
10/28/02,1.06
10/29/02,0.1
10/30/02,0.37
10/31/02,0.08
11/1/02,0.34
11/2/02,0.12
11/3/02,0.09
11/4/02,1.62
11/5/02,2.04
11/6/02,13.21
11/7/02,320.02
11/8/02,789.35
11/9/02,339.56
11/10/02,181.8
11/11/02,41.13
11/12/02,31.21
11/13/02,22.87
11/14/02,0.76
11/15/02,0.89
11/16/02,3.35
11/17/02,4.37
11/18/02,11.92
11/19/02,0.97
11/20/02,0.45
11/21/02,6.78
11/22/02,0.45
11/23/02,0.51
11/24/02,0.51
11/25/02,0.32
11/26/02,0.6
11/27/02,1.23
11/28/02,1.61
11/29/02,15.38
11/30/02,23.42
12/1/02,4.23
12/2/02,2.41
12/3/02,0.4
12/4/02,4.22
12/5/02,1.63
12/6/02,2.28
12/7/02,2.08
12/8/02,1.11
12/9/02,42.66
12/10/02,74.88
12/11/02,19.67
12/12/02,29.32
12/13/02,370.21
12/14/02,638.37
12/15/02,372.47
12/16/02,747.21
12/17/02,314.26
12/18/02,68
12/19/02,178.99
12/20/02,397.51
12/21/02,193.54
12/22/02,29.15
12/23/02,12.77
12/24/02,9.59
12/25/02,7.66
12/26/02,71.96
12/27/02,243.86
12/28/02,322.9
12/29/02,243.44
12/30/02,152.62
12/31/02,290.31
1/1/03,21.57
1/2/03,9.88
1/3/03,15.52
1/4/03,10.45
1/5/03,4.53
1/6/03,0.8
1/7/03,0.48
1/8/03,7.61
1/9/03,47.84
1/10/03,177.89
1/11/03,90.46
1/12/03,77.19
1/13/03,160.8
1/14/03,65.67
1/15/03,9.02
1/16/03,0.72
1/17/03,0.69
1/18/03,0.4
1/19/03,0.85
1/20/03,9.55
1/21/03,53.35
1/22/03,72.46
1/23/03,101.05
1/24/03,39.76
1/25/03,34.68
1/26/03,10.85
1/27/03,51.26
1/28/03,13.73
1/29/03,3.86
1/30/03,16.63
1/31/03,14.76
2/1/03,25.26
2/2/03,14.62
2/3/03,2.27
2/4/03,0.39
2/5/03,0.41
2/6/03,0.21
2/7/03,0.93
2/8/03,1.39
2/9/03,0.55
2/10/03,3.51
2/11/03,91.49
2/12/03,293.01
2/13/03,262.91
2/14/03,68.39
2/15/03,65.76
2/16/03,238.26
2/17/03,19.99
2/18/03,22.95
2/19/03,49.56
2/20/03,31.73
2/21/03,1.27
2/22/03,1.27
2/23/03,1.02
2/24/03,36.29
2/25/03,172.37
2/26/03,58.99
2/27/03,77.44
2/28/03,17.69
3/1/03,6.6
3/2/03,3.67
3/3/03,10.82
3/4/03,21.13
3/5/03,6.09
3/6/03,0.13
3/7/03,1.84
3/8/03,1.19
3/9/03,12.79
3/10/03,18.01
3/11/03,6.02
3/12/03,8.07
3/13/03,30.42
3/14/03,209.96
3/15/03,586
3/16/03,226.65
3/17/03,61.54
3/18/03,7.32
3/19/03,19.68
3/20/03,59.12
3/21/03,4.93
3/22/03,27.09
3/23/03,73.86
3/24/03,17.86
3/25/03,29.37
3/26/03,100.41
3/27/03,7.38
3/28/03,1.15
3/29/03,1.7
3/30/03,0.9
3/31/03,2.11
4/1/03,33.97
4/2/03,101.23
4/3/03,75.14
4/4/03,140.56
4/5/03,40.7
4/6/03,24.81
4/7/03,9.21
4/8/03,0.97
4/9/03,1.98
4/10/03,8.39
4/11/03,12.79
4/12/03,164.51
4/13/03,333.59
4/14/03,234.55
4/15/03,92.5
4/16/03,37.08
4/17/03,38.17
4/18/03,23.46
4/19/03,3.83
4/20/03,3.13
4/21/03,47.37
4/22/03,59.42
4/23/03,32.59
4/24/03,176.24
4/25/03,131.03
4/26/03,92.5
4/27/03,37.27
4/28/03,165.46
4/29/03,121.09
4/30/03,45.81
5/1/03,8.78
5/2/03,72.5
5/3/03,241.91
5/4/03,112.1
5/5/03,14.28
5/6/03,5.64
5/7/03,19.91
5/8/03,65.78
5/9/03,41.73
5/10/03,6.37
5/11/03,4.48
5/12/03,2.39
5/13/03,7.24
5/14/03,3.27
5/15/03,4.14
5/16/03,0.15
5/17/03,0.2
5/18/03,0.15
5/19/03,0.3
5/20/03,0.3
5/21/03,0.01
5/22/03,0.14
5/23/03,0.66
5/24/03,0.9
5/25/03,1.95
5/26/03,0.23
5/27/03,0
5/28/03,0.2
5/29/03,0.8
5/30/03,4.43
5/31/03,0.01
6/1/03,0.11
6/2/03,0.12
6/3/03,0.49
6/4/03,0.48
6/5/03,0.32
6/6/03,0.22
6/7/03,6.49
6/8/03,0.2
6/9/03,1.6
6/10/03,1.18
6/11/03,0.46
6/12/03,0.92
6/13/03,1.57
6/14/03,0.09
6/15/03,0.1
6/16/03,0.11
6/17/03,0.18
6/18/03,12.97
6/19/03,0.77
6/20/03,2.68
6/21/03,0.72
6/22/03,0.28
6/23/03,2.36
6/24/03,5.92
6/25/03,0
6/26/03,0.01
6/27/03,0
6/28/03,0
6/29/03,0.03
6/30/03,0.26
7/1/03,0.19
7/2/03,0.15
7/3/03,0.11
7/4/03,0.03
7/5/03,0.04
7/6/03,0.01
7/7/03,0.02
7/8/03,0.12
7/9/03,0.43
7/10/03,0.14
7/11/03,0.41
7/12/03,0.06
7/13/03,13.42
7/14/03,0.24
7/15/03,0.26
7/16/03,0.29
7/17/03,0.29
7/18/03,1.99
7/19/03,3.65
7/20/03,4.13
7/21/03,2.16
7/22/03,2.98
7/23/03,8.3
7/24/03,12.39
7/25/03,5.02
7/26/03,3
7/27/03,3.22
7/28/03,3.74
7/29/03,8.7
7/30/03,10.99
7/31/03,20.11
8/1/03,24.83
8/2/03,56.87
8/3/03,34.82
8/4/03,5.85
8/5/03,1.48
8/6/03,13.27
8/7/03,0.99
8/8/03,0.46
8/9/03,0.31
8/10/03,0.23
8/11/03,0.02
8/12/03,0.01
8/13/03,0.04
8/14/03,0.25
8/15/03,0.56
8/16/03,0.05
8/17/03,0.07
8/18/03,0.12
8/19/03,4.24
8/20/03,11.99
8/21/03,26.96
8/22/03,41.61
8/23/03,9.78
8/24/03,3.06
8/25/03,2.78
8/26/03,12.43
8/27/03,7.75
8/28/03,3.85
8/29/03,1.59
8/30/03,0.18
8/31/03,1.56
9/1/03,5.24
9/2/03,4.19
9/3/03,12.1
9/4/03,14.56
9/5/03,12.16
9/6/03,1.11
9/7/03,2.83
9/8/03,3.87
9/9/03,12.32
9/10/03,5.59
9/11/03,0.29
9/12/03,0.09
9/13/03,0.01
9/14/03,0.33
9/15/03,0.08
9/16/03,13.26
9/17/03,0.03
9/18/03,0.02
9/19/03,0.04
9/20/03,0.13
9/21/03,0.14
9/22/03,0.22
9/23/03,1.23
9/24/03,0.05
9/25/03,0.25
9/26/03,0.05
9/27/03,0.11
9/28/03,0.34
9/29/03,0.03
9/30/03,0.17
10/1/03,0.61
10/2/03,1.01
10/3/03,0.56
10/4/03,0.52
10/5/03,0.09
10/6/03,0.3
10/7/03,0.53
10/8/03,0.67
10/9/03,0.71
10/10/03,1.06
10/11/03,1.03
10/12/03,1.63
10/13/03,0.24
10/14/03,0.09
10/15/03,0.23
10/16/03,0.67
10/17/03,0.09
10/18/03,0.13
10/19/03,0.39
10/20/03,0.69
10/21/03,0.15
10/22/03,1.53
10/23/03,1.25
10/24/03,0.12
10/25/03,0.15
10/26/03,0.11
10/27/03,0.03
10/28/03,0
10/29/03,0.15
10/30/03,3.77
10/31/03,52.96
11/1/03,50.65
11/2/03,24.07
11/3/03,93.15
11/4/03,10.59
11/5/03,10.3
11/6/03,14.62
11/7/03,58.32
11/8/03,144.9
11/9/03,263.73
11/10/03,57.33
11/11/03,3.19
11/12/03,59.53
11/13/03,24.27
11/14/03,42.44
11/15/03,99.82
11/16/03,45.02
11/17/03,30.4
11/18/03,1.36
11/19/03,4.5
11/20/03,11.98
11/21/03,4.01
11/22/03,1.12
11/23/03,1.16
11/24/03,1.48
11/25/03,4.25
11/26/03,8.73
11/27/03,2.11
11/28/03,7.51
11/29/03,54.02
11/30/03,74.58
12/1/03,107.3
12/2/03,77.86
12/3/03,10.07
12/4/03,21.73
12/5/03,113.93
12/6/03,215.18
12/7/03,197.59
12/8/03,45.98
12/9/03,38.94
12/10/03,219.88
12/11/03,136.63
12/12/03,75.53
12/13/03,156.02
12/14/03,249.28
12/15/03,47.66
12/16/03,1.75
12/17/03,0.8
12/18/03,3.79
12/19/03,52.82
12/20/03,122.6
12/21/03,46.46
12/22/03,11.84
12/23/03,78.37
12/24/03,318.44
12/25/03,260.85
12/26/03,110.99
12/27/03,16.44
12/28/03,32.31
12/29/03,417.64
12/30/03,199.22
12/31/03,56.3
1/1/04,359.04
1/2/04,214.64
1/3/04,57.39
1/4/04,8.64
1/5/04,11.31
1/6/04,13.29
1/7/04,74.24
1/8/04,50.23
1/9/04,55.82
1/10/04,38.09
1/11/04,3.2
1/12/04,9.74
1/13/04,7.29
1/14/04,14.01
1/15/04,13.98
1/16/04,0.61
1/17/04,0.44
1/18/04,2.83
1/19/04,6.66
1/20/04,11.6
1/21/04,6.17
1/22/04,1.68
1/23/04,20.26
1/24/04,56.09
1/25/04,18.63
1/26/04,15.93
1/27/04,104.28
1/28/04,72.26
1/29/04,6.92
1/30/04,29.24
1/31/04,9.18
2/1/04,17.52
2/2/04,246.22
2/3/04,255.53
2/4/04,32.76
2/5/04,5.18
2/6/04,26.78
2/7/04,42.29
2/8/04,2.44
2/9/04,2.14
2/10/04,1.64
2/11/04,0.6
2/12/04,0.7
2/13/04,6.96
2/14/04,18.59
2/15/04,39.37
2/16/04,296
2/17/04,390.33
2/18/04,364.81
2/19/04,60.72
2/20/04,29.36
2/21/04,54.64
2/22/04,183.56
2/23/04,124.19
2/24/04,91.12
2/25/04,466
2/26/04,560.08
2/27/04,124.6
2/28/04,14.35
2/29/04,13.17
3/1/04,130.85
3/2/04,121.41
3/3/04,19.47
3/4/04,2.12
3/5/04,4.34
3/6/04,3.48
3/7/04,1.89
3/8/04,1.23
3/9/04,0.27
3/10/04,0.25
3/11/04,0.27
3/12/04,0.06
3/13/04,0.22
3/14/04,0.06
3/15/04,0.09
3/16/04,3.58
3/17/04,0.05
3/18/04,0.5
3/19/04,0.23
3/20/04,0.31
3/21/04,0.22
3/22/04,0.13
3/23/04,0.49
3/24/04,5.84
3/25/04,90.53
3/26/04,147.17
3/27/04,27.07
3/28/04,1.51
3/29/04,5.84
3/30/04,15.72
3/31/04,4.96
4/1/04,11.62
4/2/04,24.85
4/3/04,13.52
4/4/04,5.18
4/5/04,0.93
4/6/04,0.79
4/7/04,0.08
4/8/04,4.87
4/9/04,0.47
4/10/04,0.13
4/11/04,0.14
4/12/04,0.11
4/13/04,3.34
4/14/04,17.46
4/15/04,25.59
4/16/04,8.54
4/17/04,32.66
4/18/04,37.4
4/19/04,41.53
4/20/04,82.25
4/21/04,59.9
4/22/04,8.17
4/23/04,1.74
4/24/04,0.74
4/25/04,0.26
4/26/04,0.24
4/27/04,0.33
4/28/04,0.23
4/29/04,0.05
4/30/04,0.2
5/1/04,0.13
5/2/04,0.15
5/3/04,0.13
5/4/04,0.16
5/5/04,0.04
5/6/04,0.5
5/7/04,4.67
5/8/04,6.39
5/9/04,2.93
5/10/04,29.3
5/11/04,19.41
5/12/04,3.79
5/13/04,0.29
5/14/04,0.48
5/15/04,0.31
5/16/04,0.3
5/17/04,5.33
5/18/04,21.76
5/19/04,2.56
5/20/04,2.69
5/21/04,7.43
5/22/04,5.48
5/23/04,0.51
5/24/04,1.82
5/25/04,1.32
5/26/04,2.46
5/27/04,11.04
5/28/04,55.37
5/29/04,10.79
5/30/04,1.45
5/31/04,0.33
6/1/04,0.06
6/2/04,0.08
6/3/04,0.15
6/4/04,0.05
6/5/04,0.13
6/6/04,0.74
6/7/04,1.88
6/8/04,3.12
6/9/04,7.93
6/10/04,4.36
6/11/04,0.4
6/12/04,0.12
6/13/04,0.2
6/14/04,0.17
6/15/04,0.61
6/16/04,1.73
6/17/04,0.68
6/18/04,0.13
6/19/04,0.17
6/20/04,0.18
6/21/04,0.32
6/22/04,0.31
6/23/04,0.32
6/24/04,0.37
6/25/04,0.22
6/26/04,0.59
6/27/04,0.64
6/28/04,3.08
6/29/04,5.52
6/30/04,2.47
7/1/04,3.03
7/2/04,0.97
7/3/04,0.77
7/4/04,0.27
7/5/04,0.42
7/6/04,1.11
7/7/04,0.4
7/8/04,0.27
7/9/04,0.14
7/10/04,0.04
7/11/04,0.23
7/12/04,0.11
7/13/04,0.19
7/14/04,1.2
7/15/04,1.37
7/16/04,0.43
7/17/04,1.04
7/18/04,1.27
7/19/04,1.55
7/20/04,0.63
7/21/04,0.03
7/22/04,0.36
7/23/04,0.44
7/24/04,0.22
7/25/04,2.35
7/26/04,3.09
7/27/04,0.12
7/28/04,0.11
7/29/04,0.14
7/30/04,0.12
7/31/04,1.12
8/1/04,0.6
8/2/04,1.31
8/3/04,0.82
8/4/04,0.49
8/5/04,0.12
8/6/04,0.71
8/7/04,0.42
8/8/04,0.1
8/9/04,0.16
8/10/04,0.05
8/11/04,0.26
8/12/04,2.73
8/13/04,5.92
8/14/04,6.17
8/15/04,5.03
8/16/04,2.51
8/17/04,0.58
8/18/04,0.24
8/19/04,2.58
8/20/04,2.92
8/21/04,1.66
8/22/04,7.8
8/23/04,7.01
8/24/04,2.28
8/25/04,5.29
8/26/04,2.58
8/27/04,0.17
8/28/04,0.26
8/29/04,0.25
8/30/04,0.47
8/31/04,0.07
9/1/04,0.07
9/2/04,5.19
9/3/04,0.69
9/4/04,0.52
9/5/04,0.02
9/6/04,0.02
9/7/04,0.04
9/8/04,1.07
9/9/04,3
9/10/04,2.14
9/11/04,3.92
9/12/04,1.64
9/13/04,0.92
9/14/04,0.05
9/15/04,0.14
9/16/04,0.07
9/17/04,1.91
9/18/04,8.78
9/19/04,34.04
9/20/04,21.32
9/21/04,3.18
9/22/04,0.3
9/23/04,0.16
9/24/04,0.09
9/25/04,0.27
9/26/04,0.66
9/27/04,0.26
9/28/04,0.88
9/29/04,0.98
9/30/04,0.75
10/1/04,0.17
10/2/04,0.25
10/3/04,0.16
10/4/04,0.64
10/5/04,0.2
10/6/04,0.18
10/7/04,0.24
10/8/04,9.08
10/9/04,24.13
10/10/04,2.13
10/11/04,0.3
10/12/04,2.15
10/13/04,1.42
10/14/04,1.76
10/15/04,1.42
10/16/04,14.61
10/17/04,206.72
10/18/04,190.12
10/19/04,413.23
10/20/04,523.05
10/21/04,72.02
10/22/04,24.31
10/23/04,89.53
10/24/04,43.27
10/25/04,41.67
10/26/04,347.14
10/27/04,250.44
10/28/04,54.03
10/29/04,11.47
10/30/04,2.71
10/31/04,1.76
11/1/04,4.66
11/2/04,9.61
11/3/04,78.37
11/4/04,81.12
11/5/04,11.94
11/6/04,1.71
11/7/04,10.95
11/8/04,36.93
11/9/04,13.52
11/10/04,56.51
11/11/04,99.9
11/12/04,43.77
11/13/04,11.95
11/14/04,1.91
11/15/04,2.04
11/16/04,3.53
11/17/04,0.74
11/18/04,0.89
11/19/04,1.37
11/20/04,7.81
11/21/04,53.95
11/22/04,15.89
11/23/04,2.74
11/24/04,2.23
11/25/04,26.03
11/26/04,28.73
11/27/04,185.11
11/28/04,40.19
11/29/04,15.63
11/30/04,2.24
12/1/04,0.7
12/2/04,1.61
12/3/04,0.54
12/4/04,9.04
12/5/04,43.31
12/6/04,67.88
12/7/04,372.94
12/8/04,459
12/9/04,112.48
12/10/04,9.23
12/11/04,2.37
12/12/04,1.91
12/13/04,7.01
12/14/04,6.25
12/15/04,1.37
12/16/04,1.08
12/17/04,0.69
12/18/04,0.29
12/19/04,0.43
12/20/04,0.85
12/21/04,0.55
12/22/04,0.07
12/23/04,0.25
12/24/04,0.11
12/25/04,1.7
12/26/04,58.03
12/27/04,321.53
12/28/04,492.36
12/29/04,384.88
12/30/04,374.67
12/31/04,420.42
1/1/05,141.89
1/2/05,151.89
1/3/05,270.14
1/4/05,79.96
1/5/05,20.73
1/6/05,17.17
1/7/05,326.73
1/8/05,406.95
1/9/05,490.07
1/10/05,394.23
1/11/05,359.3
1/12/05,35.34
1/13/05,9.8
1/14/05,7.37
1/15/05,8
1/16/05,6.85
1/17/05,4.38
1/18/05,2.44
1/19/05,0.82
1/20/05,0.75
1/21/05,0.79
1/22/05,0.29
1/23/05,0.83
1/24/05,1.75
1/25/05,34.92
1/26/05,167.87
1/27/05,93.72
1/28/05,214.38
1/29/05,55.3
1/30/05,3.67
1/31/05,5.61
2/1/05,1.07
2/2/05,0.32
2/3/05,0.7
2/4/05,0.38
2/5/05,0.34
2/6/05,9.25
2/7/05,29.44
2/8/05,5.62
2/9/05,0.89
2/10/05,10.97
2/11/05,187.28
2/12/05,98.25
2/13/05,57.16
2/14/05,59.98
2/15/05,127.75
2/16/05,138.44
2/17/05,58.67
2/18/05,239.57
2/19/05,274.63
2/20/05,267.52
2/21/05,334.09
2/22/05,193.5
2/23/05,102.59
2/24/05,13.45
2/25/05,10.19
2/26/05,7.83
2/27/05,75.59
2/28/05,171.51
3/1/05,30.26
3/2/05,125.07
3/3/05,22.9
3/4/05,112.2
3/5/05,47.63
3/6/05,3.49
3/7/05,2.43
3/8/05,1.74
3/9/05,1.07
3/10/05,2.41
3/11/05,1.7
3/12/05,0.39
3/13/05,1.45
3/14/05,2.12
3/15/05,0.26
3/16/05,0.27
3/17/05,0.58
3/18/05,31.33
3/19/05,233.86
3/20/05,227.16
3/21/05,168.68
3/22/05,417.42
3/23/05,297.67
3/24/05,63.23
3/25/05,7.17
3/26/05,11.86
3/27/05,83.59
3/28/05,223.58
3/29/05,91.3
3/30/05,21.15
3/31/05,4.43
4/1/05,3.98
4/2/05,7.18
4/3/05,75.93
4/4/05,112.45
4/5/05,5.27
4/6/05,6.48
4/7/05,84.85
4/8/05,136.16
4/9/05,94.97
4/10/05,9.1
4/11/05,7.54
4/12/05,7.93
4/13/05,14.85
4/14/05,7.44
4/15/05,0.64
4/16/05,6.67
4/17/05,8.27
4/18/05,6.97
4/19/05,9.25
4/20/05,3.95
4/21/05,1.15
4/22/05,8.53
4/23/05,53.32
4/24/05,32.51
4/25/05,11.73
4/26/05,2.43
4/27/05,25.73
4/28/05,167.78
4/29/05,37.21
4/30/05,16.46
5/1/05,13.91
5/2/05,4.19
5/3/05,2.7
5/4/05,38.57
5/5/05,160.21
5/6/05,116.12
5/7/05,22.75
5/8/05,137.35
5/9/05,251.74
5/10/05,50.52
5/11/05,9.78
5/12/05,4.17
5/13/05,3.97
5/14/05,3.29
5/15/05,23.79
5/16/05,104.97
5/17/05,40.43
5/18/05,212.06
5/19/05,138.5
5/20/05,13.1
5/21/05,3.04
5/22/05,1.46
5/23/05,1.07
5/24/05,1.32
5/25/05,0.71
5/26/05,0.48
5/27/05,1.75
5/28/05,2.41
5/29/05,1.33
5/30/05,4.7
5/31/05,7.17
6/1/05,1.91
6/2/05,0.4
6/3/05,0.4
6/4/05,1.05
6/5/05,1.86
6/6/05,10.66
6/7/05,9.1
6/8/05,63.12
6/9/05,81.6
6/10/05,8.45
6/11/05,5.59
6/12/05,2.81
6/13/05,3.69
6/14/05,0.05
6/15/05,0.76
6/16/05,35.8
6/17/05,91.15
6/18/05,46.08
6/19/05,13.65
6/20/05,4.32
6/21/05,1.66
6/22/05,1.37
6/23/05,0.26
6/24/05,1.58
6/25/05,3.7
6/26/05,6.97
6/27/05,11.86
6/28/05,1.03
6/29/05,0.82
6/30/05,0.26
7/1/05,0.16
7/2/05,0.26
7/3/05,0.08
7/4/05,0.21
7/5/05,0.64
7/6/05,1.95
7/7/05,1.43
7/8/05,4.14
7/9/05,3.23
7/10/05,2.9
7/11/05,1.33
7/12/05,1.41
7/13/05,0.44
7/14/05,2.44
7/15/05,0.17
7/16/05,0.31
7/17/05,0.37
7/18/05,3.68
7/19/05,0.11
7/20/05,1.54
7/21/05,1.6
7/22/05,2.71
7/23/05,9.3
7/24/05,9.86
7/25/05,11.98
7/26/05,0.29
7/27/05,0.21
7/28/05,2.01
7/29/05,1.76
7/30/05,5.15
7/31/05,4.56
8/1/05,7.7
8/2/05,2.16
8/3/05,3.1
8/4/05,0.46
8/5/05,1.14
8/6/05,2.8
8/7/05,5.11
8/8/05,5.9
8/9/05,6.53
8/10/05,3.11
8/11/05,0.05
8/12/05,0.43
8/13/05,0.48
8/14/05,3.46
8/15/05,18.09
8/16/05,9.36
8/17/05,1.4
8/18/05,1.67
8/19/05,0.1
8/20/05,0.33
8/21/05,0.45
8/22/05,0.16
8/23/05,0.18
8/24/05,0.17
8/25/05,1.38
8/26/05,0.52
8/27/05,0.1
8/28/05,0.09
8/29/05,0.87
8/30/05,0.34
8/31/05,0.17
9/1/05,0.17
9/2/05,0.05
9/3/05,0.17
9/4/05,0.17
9/5/05,0.08
9/6/05,1.33
9/7/05,0.11
9/8/05,0.23
9/9/05,1.35
9/10/05,6.02
9/11/05,0.78
9/12/05,3.7
9/13/05,0.53
9/14/05,0.13
9/15/05,0.07
9/16/05,2.99
9/17/05,2.11
9/18/05,0.36
9/19/05,1.74
9/20/05,42.24
9/21/05,20.59
9/22/05,1.81
9/23/05,2.45
9/24/05,0.47
9/25/05,0.28
9/26/05,15.61
9/27/05,25.85
9/28/05,0.89
9/29/05,0.97
9/30/05,1.24
10/1/05,4.16
10/2/05,4.51
10/3/05,10.28
10/4/05,4.15
10/5/05,0.04
10/6/05,0.39
10/7/05,0.49
10/8/05,1.26
10/9/05,0.19
10/10/05,0.26
10/11/05,1.51
10/12/05,0.23
10/13/05,0.67
10/14/05,6.62
10/15/05,41.04
10/16/05,25.74
10/17/05,99.92
10/18/05,93.12
10/19/05,6.07
10/20/05,0.83
10/21/05,0.27
10/22/05,0.33
10/23/05,0.87
10/24/05,9.71
10/25/05,27.17
10/26/05,47.25
10/27/05,39.56
10/28/05,60.73
10/29/05,24.65
10/30/05,2.6
10/31/05,2.64
11/1/05,3.41
11/2/05,20.34
11/3/05,43.87
11/4/05,92.07
11/5/05,12.76
11/6/05,61.46
11/7/05,144.7
11/8/05,135.13
11/9/05,37.33
11/10/05,15.36
11/11/05,10.51
11/12/05,2.53
11/13/05,12.9
11/14/05,10.25
11/15/05,0.21
11/16/05,1.29
11/17/05,0.02
11/18/05,0.01
11/19/05,0.03
11/20/05,0.15
11/21/05,0.06
11/22/05,0.05
11/23/05,0.03
11/24/05,7.7
11/25/05,124.34
11/26/05,39.59
11/27/05,4.34
11/28/05,91.84
11/29/05,161
11/30/05,63.04
12/1/05,405.7
12/2/05,312.25
12/3/05,18.8
12/4/05,0.98
12/5/05,2.06
12/6/05,1.1
12/7/05,19.46
12/8/05,29.88
12/9/05,4.7
12/10/05,0.26
12/11/05,0.44
12/12/05,0.28
12/13/05,0.78
12/14/05,0.58
12/15/05,0.18
12/16/05,0.14
12/17/05,52.19
12/18/05,459.24
12/19/05,307.18
12/20/05,75.31
12/21/05,196.99
12/22/05,325.77
12/23/05,121.23
12/24/05,7.97
12/25/05,88.22
12/26/05,268.51
12/27/05,174.94
12/28/05,381.25
12/29/05,84.54
12/30/05,310.93
12/31/05,789.82
1/1/06,269.04
1/2/06,589.69
1/3/06,231.13
1/4/06,72.4
1/5/06,7.13
1/6/06,8.67
1/7/06,57.32
1/8/06,16.07
1/9/06,7.09
1/10/06,40.43
1/11/06,71.14
1/12/06,10.04
1/13/06,21.87
1/14/06,209.06
1/15/06,85.66
1/16/06,19.15
1/17/06,71.96
1/18/06,213.05
1/19/06,49.93
1/20/06,21.29
1/21/06,31.84
1/22/06,1.83
1/23/06,6.1
1/24/06,0.54
1/25/06,6.79
1/26/06,33.16
1/27/06,44.79
1/28/06,87.58
1/29/06,56.54
1/30/06,106.39
1/31/06,67.56
2/1/06,96.95
2/2/06,109.22
2/3/06,15.83
2/4/06,63.21
2/5/06,8.73
2/6/06,4.2
2/7/06,0.27
2/8/06,0.55
2/9/06,0.41
2/10/06,0.25
2/11/06,0.02
2/12/06,0.18
2/13/06,0.12
2/14/06,1.17
2/15/06,6.37
2/16/06,5.04
2/17/06,36.86
2/18/06,73.91
2/19/06,62.96
2/20/06,8.38
2/21/06,5.09
2/22/06,0.1
2/23/06,0.34
2/24/06,0.38
2/25/06,0.68
2/26/06,56.49
2/27/06,522.64
2/28/06,571.5
3/1/06,57.65
3/2/06,112.7
3/3/06,228.79
3/4/06,53.35
3/5/06,130.1
3/6/06,327.27
3/7/06,126.65
3/8/06,38.73
3/9/06,58.99
3/10/06,96.42
3/11/06,106.31
3/12/06,73.86
3/13/06,62.5
3/14/06,198.66
3/15/06,59.78
3/16/06,70.77
3/17/06,152.78
3/18/06,51.29
3/19/06,14.11
3/20/06,78.97
3/21/06,99.34
3/22/06,4.94
3/23/06,6.94
3/24/06,78.66
3/25/06,246.92
3/26/06,51.21
3/27/06,45.37
3/28/06,235.16
3/29/06,195.25
3/30/06,31.32
3/31/06,166.86
4/1/06,152.86
4/2/06,71.21
4/3/06,331.66
4/4/06,383.04
4/5/06,289.98
4/6/06,42.17
4/7/06,32.95
4/8/06,61.34
4/9/06,38.27
4/10/06,81.5
4/11/06,145.33
4/12/06,214.37
4/13/06,38.76
4/14/06,48.51
4/15/06,101.54
4/16/06,206.58
4/17/06,120.4
4/18/06,2.73
4/19/06,1.86
4/20/06,0.78
4/21/06,11.57
4/22/06,27.69
4/23/06,34.34
4/24/06,19.27
4/25/06,7.96
4/26/06,20.29
4/27/06,5.29
4/28/06,1.98
4/29/06,0.54
4/30/06,0.19
5/1/06,0.38
5/2/06,0.71
5/3/06,1.51
5/4/06,1.26
5/5/06,0.65
5/6/06,0.2
5/7/06,0.33
5/8/06,0.18
5/9/06,0.07
5/10/06,0.04
5/11/06,0.07
5/12/06,0.03
5/13/06,0.02
5/14/06,0.11
5/15/06,0
5/16/06,0.24
5/17/06,1.6
5/18/06,0.55
5/19/06,23.46
5/20/06,27.55
5/21/06,97.44
5/22/06,179
5/23/06,30.68
5/24/06,15.87
5/25/06,3.52
5/26/06,9.18
5/27/06,24.89
5/28/06,5.08
5/29/06,0.25
5/30/06,3.25
5/31/06,2.48
6/1/06,4.57
6/2/06,7.55
6/3/06,2.57
6/4/06,3.76
6/5/06,0.41
6/6/06,0.17
6/7/06,0.94
6/8/06,0.8
6/9/06,0.6
6/10/06,0
6/11/06,0.13
6/12/06,2.89
6/13/06,8.07
6/14/06,8.52
6/15/06,1.23
6/16/06,0.13
6/17/06,0.01
6/18/06,0.64
6/19/06,0
6/20/06,0.01
6/21/06,0.01
6/22/06,0.06
6/23/06,0.14
6/24/06,0.02
6/25/06,0.06
6/26/06,0.31
6/27/06,4.87
6/28/06,7.99
6/29/06,6.53
6/30/06,1.45
7/1/06,0.45
7/2/06,0.14
7/3/06,0.04
7/4/06,0.43
7/5/06,0.48
7/6/06,0
7/7/06,0.44
7/8/06,0.48
7/9/06,1.3
7/10/06,0.53
7/11/06,0.05
7/12/06,0.06
7/13/06,0.15
7/14/06,0.07
7/15/06,0.07
7/16/06,1.07
7/17/06,2.7
7/18/06,1.46
7/19/06,2.23
7/20/06,2.46
7/21/06,4.04
7/22/06,3.2
7/23/06,9.12
7/24/06,8.08
7/25/06,0.97
7/26/06,0.36
7/27/06,1.34
7/28/06,2.65
7/29/06,1.66
7/30/06,1.77
7/31/06,2.6
8/1/06,1.64
8/2/06,0.24
8/3/06,0.91
8/4/06,4.64
8/5/06,0.78
8/6/06,1.13
8/7/06,2.7
8/8/06,2.07
8/9/06,2.32
8/10/06,0.88
8/11/06,1.22
8/12/06,0.07
8/13/06,0
8/14/06,1.44
8/15/06,0.66
8/16/06,0
8/17/06,0.02
8/18/06,0.01
8/19/06,0.06
8/20/06,0.03
8/21/06,0.52
8/22/06,0.25
8/23/06,1.04
8/24/06,0.47
8/25/06,0.04
8/26/06,0.07
8/27/06,0.06
8/28/06,0.1
8/29/06,0.05
8/30/06,0.03
8/31/06,0.11
9/1/06,0.02
9/2/06,1.47
9/3/06,1.02
9/4/06,0.31
9/5/06,0.23
9/6/06,3.88
9/7/06,3.14
9/8/06,0.8
9/9/06,0.03
9/10/06,0.04
9/11/06,0.03
9/12/06,0.09
9/13/06,0.02
9/14/06,4.23
9/15/06,2.84
9/16/06,0.16
9/17/06,0.13
9/18/06,0.41
9/19/06,0.53
9/20/06,0.24
9/21/06,1.36
9/22/06,0.36
9/23/06,0.01
9/24/06,0.12
9/25/06,0.05
9/26/06,0.97
9/27/06,0.09
9/28/06,0.06
9/29/06,0.52
9/30/06,0.24
10/1/06,6.75
10/2/06,13.93
10/3/06,1.81
10/4/06,15.25
10/5/06,54.51
10/6/06,15.74
10/7/06,2.96
10/8/06,0.4
10/9/06,2.31
10/10/06,14.7
10/11/06,3.01
10/12/06,1.44
10/13/06,8.26
10/14/06,21.89
10/15/06,6.64
10/16/06,16.65
10/17/06,6.63
10/18/06,1.1
10/19/06,0.86
10/20/06,0.65
10/21/06,0.06
10/22/06,0.07
10/23/06,0.02
10/24/06,1.54
10/25/06,0.5
10/26/06,0.15
10/27/06,0
10/28/06,0
10/29/06,0
10/30/06,0
10/31/06,0.27
11/1/06,6.02
11/2/06,103.03
11/3/06,87.7
11/4/06,22.56
11/5/06,9.46
11/6/06,5.18
11/7/06,11.7
11/8/06,40.86
11/9/06,15.01
11/10/06,9.52
11/11/06,77.96
11/12/06,29.91
11/13/06,171.28
11/14/06,131.51
11/15/06,7.42
11/16/06,42.1
11/17/06,7.99
11/18/06,0.62
11/19/06,8.59
11/20/06,20.59
11/21/06,19.35
11/22/06,35.74
11/23/06,41
11/24/06,2.68
11/25/06,9.36
11/26/06,68.49
11/27/06,123.57
11/28/06,22.94
11/29/06,3.1
11/30/06,4.35
12/1/06,1.28
12/2/06,0.4
12/3/06,0.09
12/4/06,0.5
12/5/06,0.15
12/6/06,0.55
12/7/06,0.31
12/8/06,17.77
12/9/06,171.4
12/10/06,231.23
12/11/06,92.55
12/12/06,200.38
12/13/06,124.58
12/14/06,67.2
12/15/06,51.81
12/16/06,23.17
12/17/06,30.5
12/18/06,7.04
12/19/06,1.23
12/20/06,2.68
12/21/06,120.99
12/22/06,102.31
12/23/06,7.33
12/24/06,9.54
12/25/06,37.54
12/26/06,172.5
12/27/06,275.3
12/28/06,22.07
12/29/06,2.98
12/30/06,1.69
12/31/06,2.96
1/1/07,0.35
1/2/07,1.17
1/3/07,49.47
1/4/07,170.18
1/5/07,48.43
1/6/07,9.55
1/7/07,6.53
1/8/07,0.86
1/9/07,2.13
1/10/07,3.65
1/11/07,3.14
1/12/07,2.71
1/13/07,0.41
1/14/07,0.02
1/15/07,0.1
1/16/07,4.77
1/17/07,14.35
1/18/07,0.85
1/19/07,2.74
1/20/07,1.1
1/21/07,0.15
1/22/07,0.4
1/23/07,0.04
1/24/07,0.07
1/25/07,0.12
1/26/07,3.57
1/27/07,40.42
1/28/07,47.83
1/29/07,18.89
1/30/07,18.38
1/31/07,16.92
2/1/07,3.97
2/2/07,0.42
2/3/07,0.24
2/4/07,0.06
2/5/07,0.3
2/6/07,0.45
2/7/07,57.47
2/8/07,140.48
2/9/07,241.44
2/10/07,309.05
2/11/07,281.11
2/12/07,98.6
2/13/07,56.55
2/14/07,14.28
2/15/07,18.38
2/16/07,3.17
2/17/07,0.77
2/18/07,12.53
2/19/07,57.9
2/20/07,15.63
2/21/07,73.13
2/22/07,245.85
2/23/07,118.62
2/24/07,59.25
2/25/07,210.08
2/26/07,196.33
2/27/07,227.86
2/28/07,117.57
3/1/07,30.83
3/2/07,14.54
3/3/07,5.51
3/4/07,2.86
3/5/07,0.75
3/6/07,0.03
3/7/07,8.52
3/8/07,6.83
3/9/07,2.85
3/10/07,0.97
3/11/07,0.48
3/12/07,0.07
3/13/07,0.31
3/14/07,2.63
3/15/07,0.01
3/16/07,0.05
3/17/07,0.02
3/18/07,0.01
3/19/07,6.9
3/20/07,43.44
3/21/07,46.01
3/22/07,5.75
3/23/07,5.86
3/24/07,1.17
3/25/07,9.94
3/26/07,69.27
3/27/07,111.93
3/28/07,11.42
3/29/07,0.94
3/30/07,0.59
3/31/07,1.31
4/1/07,0.24
4/2/07,0.02
4/3/07,0.1
4/4/07,0.01
4/5/07,0.05
4/6/07,0.16
4/7/07,7.97
4/8/07,7.04
4/9/07,7.75
4/10/07,0.92
4/11/07,53.25
4/12/07,44.66
4/13/07,4.76
4/14/07,60.96
4/15/07,45
4/16/07,16.74
4/17/07,13.36
4/18/07,22.41
4/19/07,17.37
4/20/07,76.76
4/21/07,67.09
4/22/07,206.2
4/23/07,52.93
4/24/07,1.55
4/25/07,0.27
4/26/07,1.89
4/27/07,0.17
4/28/07,0.82
4/29/07,0.02
4/30/07,1.43
5/1/07,10.54
5/2/07,75.52
5/3/07,36.81
5/4/07,51
5/5/07,6.33
5/6/07,2.59
5/7/07,0.22
5/8/07,1.88
5/9/07,0.84
5/10/07,0.86
5/11/07,0.01
5/12/07,0.18
5/13/07,0.05
5/14/07,0.88
5/15/07,0.04
5/16/07,0.01
5/17/07,0.01
5/18/07,0.05
5/19/07,0.53
5/20/07,0.48
5/21/07,0.38
5/22/07,0.09
5/23/07,0.1
5/24/07,0.02
5/25/07,0.04
5/26/07,0.99
5/27/07,0.36
5/28/07,0.04
5/29/07,0
5/30/07,0.59
5/31/07,0.86
6/1/07,0.39
6/2/07,0.9
6/3/07,1.61
6/4/07,3.33
6/5/07,24.74
6/6/07,22.17
6/7/07,2.99
6/8/07,0.51
6/9/07,1.87
6/10/07,3.84
6/11/07,0.2
6/12/07,0.15
6/13/07,0.01
6/14/07,0.13
6/15/07,0
6/16/07,0.1
6/17/07,0.03
6/18/07,0.01
6/19/07,0.01
6/20/07,0.05
6/21/07,0
6/22/07,11.95
6/23/07,0.02
6/24/07,0.03
6/25/07,0.63
6/26/07,0.03
6/27/07,0.03
6/28/07,0.64
6/29/07,2.44
6/30/07,0.12
7/1/07,0.05
7/2/07,0.03
7/3/07,0.08
7/4/07,0.06
7/5/07,0.33
7/6/07,0.2
7/7/07,2.52
7/8/07,0.08
7/9/07,0.15
7/10/07,1.39
7/11/07,3.5
7/12/07,1.23
7/13/07,13.28
7/14/07,0
7/15/07,0.45
7/16/07,12.6
7/17/07,4.09
7/18/07,42.55
7/19/07,10.74
7/20/07,0.83
7/21/07,0.76
7/22/07,0.02
7/23/07,1.39
7/24/07,2.77
7/25/07,2.52
7/26/07,2.68
7/27/07,1.33
7/28/07,0.9
7/29/07,0.89
7/30/07,2.19
7/31/07,1.12
8/1/07,0.94
8/2/07,2.3
8/3/07,0.65
8/4/07,0.11
8/5/07,0.11
8/6/07,0.38
8/7/07,0.16
8/8/07,0.9
8/9/07,0.03
8/10/07,0.16
8/11/07,0.01
8/12/07,0.03
8/13/07,0.21
8/14/07,0.87
8/15/07,0.4
8/16/07,0.49
8/17/07,0.41
8/18/07,0.48
8/19/07,1.92
8/20/07,0.4
8/21/07,0.02
8/22/07,0.01
8/23/07,0.07
8/24/07,0.05
8/25/07,0.06
8/26/07,4.43
8/27/07,3.81
8/28/07,7.71
8/29/07,1.42
8/30/07,7.77
8/31/07,12.8
9/1/07,4.32
9/2/07,7.05
9/3/07,1.16
9/4/07,4.81
9/5/07,1.39
9/6/07,0.06
9/7/07,0.02
9/8/07,0.03
9/9/07,0.04
9/10/07,0.55
9/11/07,0.08
9/12/07,0.03
9/13/07,2.15
9/14/07,0.37
9/15/07,0.76
9/16/07,0.84
9/17/07,2.09
9/18/07,0.79
9/19/07,6.88
9/20/07,29.25
9/21/07,17.38
9/22/07,78.25
9/23/07,34.21
9/24/07,5.15
9/25/07,1.71
9/26/07,0.59
9/27/07,0.07
9/28/07,12.01
9/29/07,11.92
9/30/07,8.36
10/1/07,20.05
10/2/07,1.17
10/3/07,1.76
10/4/07,15.4
10/5/07,25.91
10/6/07,10.36
10/7/07,0.31
10/8/07,0.09
10/9/07,25.85
10/10/07,144.6
10/11/07,8.29
10/12/07,81.54
10/13/07,55.77
10/14/07,1.77
10/15/07,12.65
10/16/07,42.34
10/17/07,56.61
10/18/07,24.41
10/19/07,116.85
10/20/07,52.02
10/21/07,5.9
10/22/07,9.86
10/23/07,0.38
10/24/07,0.37
10/25/07,0.14
10/26/07,0.15
10/27/07,2.67
10/28/07,3.55
10/29/07,19.45
10/30/07,28.43
10/31/07,1.06
11/1/07,0.1
11/2/07,0.18
11/3/07,0.01
11/4/07,0.03
11/5/07,0.14
11/6/07,0.28
11/7/07,0.08
11/8/07,0.07
11/9/07,2.66
11/10/07,47.33
11/11/07,115.19
11/12/07,20.75
11/13/07,24.08
11/14/07,0.71
11/15/07,2.19
11/16/07,6.56
11/17/07,11.41
11/18/07,14.03
11/19/07,37.89
11/20/07,5.11
11/21/07,1.13
11/22/07,0.12
11/23/07,0.07
11/24/07,0.39
11/25/07,0.05
11/26/07,1.6
11/27/07,7.04
11/28/07,0.16
11/29/07,0.17
11/30/07,111.93
12/1/07,59.67
12/2/07,15.27
12/3/07,48.5
12/4/07,115.8
12/5/07,3.4
12/6/07,98.33
12/7/07,256.02
12/8/07,42.64
12/9/07,15
12/10/07,7
12/11/07,2.41
12/12/07,0.35
12/13/07,0.83
12/14/07,1.93
12/15/07,2.56
12/16/07,15.07
12/17/07,90.06
12/18/07,275.2
12/19/07,205.77
12/20/07,215.76
12/21/07,18.48
12/22/07,5.15
12/23/07,16.67
12/24/07,15.82
12/25/07,2.38
12/26/07,7.38
12/27/07,11.42
12/28/07,46.39
12/29/07,48.28
12/30/07,19.27
12/31/07,6.56
1/1/08,0.84
1/2/08,0.41
1/3/08,74.86
1/4/08,661
1/5/08,590.44
1/6/08,252.84
1/7/08,154.76
1/8/08,136.02
1/9/08,89.87
1/10/08,56.63
1/11/08,14.65
1/12/08,14.49
1/13/08,3.55
1/14/08,3.61
1/15/08,2.5
1/16/08,0.16
1/17/08,0.32
1/18/08,0.18
1/19/08,0.15
1/20/08,6.21
1/21/08,50.64
1/22/08,100.95
1/23/08,183.59
1/24/08,192.72
1/25/08,255.56
1/26/08,217.84
1/27/08,389.47
1/28/08,239.56
1/29/08,75.81
1/30/08,59.86
1/31/08,139.71
2/1/08,108.91
2/2/08,123.7
2/3/08,314.94
2/4/08,65.49
2/5/08,4.29
2/6/08,2.98
2/7/08,2.05
2/8/08,0.54
2/9/08,0.57
2/10/08,1.04
2/11/08,0.26
2/12/08,1.27
2/13/08,0.16
2/14/08,17.64
2/15/08,4.17
2/16/08,0.8
2/17/08,1.97
2/18/08,0.68
2/19/08,27.95
2/20/08,92.89
2/21/08,72.52
2/22/08,191.29
2/23/08,128.48
2/24/08,330.27
2/25/08,111.72
2/26/08,0.76
2/27/08,1.29
2/28/08,0.12
2/29/08,2.42
3/1/08,10.06
3/2/08,2.13
3/3/08,1.61
3/4/08,0.02
3/5/08,0.39
3/6/08,0.03
3/7/08,1.31
3/8/08,1.47
3/9/08,0.06
3/10/08,0.87
3/11/08,2.84
3/12/08,7.3
3/13/08,52.06
3/14/08,38.49
3/15/08,46.22
3/16/08,20.59
3/17/08,9.13
3/18/08,3.14
3/19/08,16.96
3/20/08,14.12
3/21/08,2.06
3/22/08,0.1
3/23/08,1.79
3/24/08,4.59
3/25/08,2.38
3/26/08,10.86
3/27/08,7.78
3/28/08,18.1
3/29/08,24.08
3/30/08,8.62
3/31/08,4.84
4/1/08,0.21
4/2/08,5.51
4/3/08,8.97
4/4/08,0.52
4/5/08,0.85
4/6/08,3.59
4/7/08,2.73
4/8/08,4.81
4/9/08,2.04
4/10/08,0.46
4/11/08,0.29
4/12/08,0.01
4/13/08,0.11
4/14/08,2.1
4/15/08,3.24
4/16/08,0.58
4/17/08,0
4/18/08,0.05
4/19/08,0.51
4/20/08,5.01
4/21/08,2.99
4/22/08,26.57
4/23/08,58.11
4/24/08,9.03
4/25/08,0.33
4/26/08,0.06
4/27/08,0.2
4/28/08,0.07
4/29/08,6.89
4/30/08,2.63
5/1/08,0.2
5/2/08,0.11
5/3/08,0.04
5/4/08,6.07
5/5/08,3.38
5/6/08,0.63
5/7/08,1.22
5/8/08,0.17
5/9/08,0
5/10/08,0.06
5/11/08,0.13
5/12/08,0.53
5/13/08,0.34
5/14/08,0.03
5/15/08,0.02
5/16/08,0.12
5/17/08,0
5/18/08,0.03
5/19/08,0.46
5/20/08,3.08
5/21/08,2.24
5/22/08,15.08
5/23/08,47.81
5/24/08,52.99
5/25/08,40.26
5/26/08,26.36
5/27/08,24.03
5/28/08,25.11
5/29/08,7.52
5/30/08,1.78
5/31/08,1.39
6/1/08,1.24
6/2/08,0.21
6/3/08,5.91
6/4/08,1.63
6/5/08,0.37
6/6/08,0.73
6/7/08,0.12
6/8/08,0.07
6/9/08,0.05
6/10/08,0.01
6/11/08,0.01
6/12/08,0
6/13/08,0
6/14/08,0.06
6/15/08,0.06
6/16/08,0.01
6/17/08,0.01
6/18/08,0
6/19/08,0.14
6/20/08,0.06
6/21/08,1.55
6/22/08,0.94
6/23/08,0.3
6/24/08,0.01
6/25/08,0.04
6/26/08,0.16
6/27/08,0.04
6/28/08,0.02
6/29/08,0.14
6/30/08,0.04
7/1/08,0.04
7/2/08,0.14
7/3/08,0.02
7/4/08,0.27
7/5/08,0.06
7/6/08,0.07
7/7/08,0.03
7/8/08,1.3
7/9/08,0.03
7/10/08,0.59
7/11/08,0.46
7/12/08,2.73
7/13/08,5.98
7/14/08,14.25
7/15/08,3.54
7/16/08,1.51
7/17/08,2.5
7/18/08,0.1
7/19/08,0.71
7/20/08,4.92
7/21/08,4.66
7/22/08,0.42
7/23/08,0.11
7/24/08,1.62
7/25/08,0.01
7/26/08,0.03
7/27/08,0.19
7/28/08,0.11
7/29/08,0.03
7/30/08,0.02
7/31/08,0.01
8/1/08,0.15
8/2/08,0.22
8/3/08,0
8/4/08,1.88
8/5/08,3.36
8/6/08,2.88
8/7/08,0.93
8/8/08,4.73
8/9/08,0.22
8/10/08,0.02
8/11/08,0.02
8/12/08,0.12
8/13/08,0.03
8/14/08,0.1
8/15/08,0.35
8/16/08,0.26
8/17/08,0.24
8/18/08,1.23
8/19/08,0.57
8/20/08,4
8/21/08,3.69
8/22/08,0.23
8/23/08,0.02
8/24/08,0.48
8/25/08,3.83
8/26/08,3.58
8/27/08,0.18
8/28/08,0.01
8/29/08,0.03
8/30/08,3.83
8/31/08,2.32
9/1/08,0
9/2/08,0.1
9/3/08,0.11
9/4/08,0.05
9/5/08,0.01
9/6/08,0.01
9/7/08,0.1
9/8/08,1.79
9/9/08,0.36
9/10/08,0.32
9/11/08,0.92
9/12/08,0.39
9/13/08,0.05
9/14/08,0.12
9/15/08,0.03
9/16/08,0.28
9/17/08,0.51
9/18/08,0.44
9/19/08,2.78
9/20/08,2.67
9/21/08,0.06
9/22/08,0.34
9/23/08,0.12
9/24/08,0.02
9/25/08,0.04
9/26/08,0.02
9/27/08,0.19
9/28/08,0.06
9/29/08,2.5
9/30/08,1.33
10/1/08,0.02
10/2/08,8.99
10/3/08,52.8
10/4/08,184.68
10/5/08,18.56
10/6/08,9.88
10/7/08,0.87
10/8/08,0.25
10/9/08,1.01
10/10/08,2.36
10/11/08,3.45
10/12/08,2.28
10/13/08,1.9
10/14/08,2.11
10/15/08,0.82
10/16/08,0.13
10/17/08,0.09
10/18/08,1.19
10/19/08,0.11
10/20/08,0.42
10/21/08,0.16
10/22/08,0.13
10/23/08,0
10/24/08,0.01
10/25/08,0.01
10/26/08,0.07
10/27/08,0.08
10/28/08,0.14
10/29/08,0.16
10/30/08,11.57
10/31/08,131.17
11/1/08,318.72
11/2/08,378.58
11/3/08,132.1
11/4/08,173.01
11/5/08,21.62
11/6/08,21.31
11/7/08,1.41
11/8/08,29.02
11/9/08,80.92
11/10/08,11.33
11/11/08,11.77
11/12/08,18.94
11/13/08,10.35
11/14/08,0.96
11/15/08,0.39
11/16/08,0.2
11/17/08,0.35
11/18/08,0.24
11/19/08,0.23
11/20/08,13.88
11/21/08,2.29
11/22/08,3.7
11/23/08,0.76
11/24/08,1.81
11/25/08,26.61
11/26/08,239.45
11/27/08,85.86
11/28/08,7.26
11/29/08,3.72
11/30/08,0.7
12/1/08,1.16
12/2/08,5.43
12/3/08,0.48
12/4/08,0.13
12/5/08,0.24
12/6/08,0.38
12/7/08,1.15
12/8/08,2.53
12/9/08,0.43
12/10/08,0.4
12/11/08,0.11
12/12/08,3.44
12/13/08,47.51
12/14/08,88.85
12/15/08,399.38
12/16/08,183.51
12/17/08,137.36
12/18/08,108.51
12/19/08,117.93
12/20/08,15.67
12/21/08,90.33
12/22/08,228.43
12/23/08,69.63
12/24/08,127
12/25/08,350.36
12/26/08,87.14
12/27/08,25.05
12/28/08,84.73
12/29/08,61.86
12/30/08,12.44
12/31/08,10.06
1/1/09,7.71
1/2/09,94.74
1/3/09,42.27
1/4/09,6.62
1/5/09,37.28
1/6/09,18.35
1/7/09,4.31
1/8/09,14.3
1/9/09,4.19
1/10/09,0.31
1/11/09,0.3
1/12/09,0.27
1/13/09,0.57
1/14/09,0.13
1/15/09,0.14
1/16/09,0.07
1/17/09,0.09
1/18/09,0.09
1/19/09,0.14
1/20/09,1.84
1/21/09,20.27
1/22/09,237.61
1/23/09,173.32
1/24/09,179.05
1/25/09,79.39
1/26/09,46.09
1/27/09,6.07
1/28/09,3.49
1/29/09,0.53
1/30/09,0.56
1/31/09,0.42
2/1/09,0.05
2/2/09,0.36
2/3/09,1.03
2/4/09,1.67
2/5/09,100.01
2/6/09,339.55
2/7/09,235.7
2/8/09,86.1
2/9/09,237.16
2/10/09,63.02
2/11/09,184.3
2/12/09,135.37
2/13/09,265.82
2/14/09,218.08
2/15/09,260.7
2/16/09,521.18
2/17/09,476.13
2/18/09,179.1
2/19/09,10.12
2/20/09,0.51
2/21/09,12.2
2/22/09,353.13
2/23/09,481.33
2/24/09,196.12
2/25/09,28.13
2/26/09,114.83
2/27/09,8.76
2/28/09,6.09
3/1/09,148.37
3/2/09,423.4
3/3/09,388.7
3/4/09,383.99
3/5/09,94.33
3/6/09,18.26
3/7/09,3.29
3/8/09,3.76
3/9/09,4.4
3/10/09,0.4
3/11/09,0.25
3/12/09,0.59
3/13/09,1.55
3/14/09,2.46
3/15/09,50.61
3/16/09,149.92
3/17/09,65.42
3/18/09,1.1
3/19/09,0.07
3/20/09,0.3
3/21/09,45.17
3/22/09,249.4
3/23/09,46.81
3/24/09,1.19
3/25/09,2.22
3/26/09,1.49
3/27/09,0.18
3/28/09,0.72
3/29/09,2.94
3/30/09,0.82
3/31/09,1.5
4/1/09,0.33
4/2/09,10.64
4/3/09,10.24
4/4/09,0.81
4/5/09,0.26
4/6/09,1.73
4/7/09,30.88
4/8/09,168.77
4/9/09,71.89
4/10/09,129.37
4/11/09,29.41
4/12/09,3.81
4/13/09,6.33
4/14/09,4.74
4/15/09,6.35
4/16/09,0.72
4/17/09,0.65
4/18/09,0.04
4/19/09,0
4/20/09,0.02
4/21/09,0.11
4/22/09,0.25
4/23/09,1.52
4/24/09,23.79
4/25/09,6.95
4/26/09,0.12
4/27/09,1.07
4/28/09,11.06
4/29/09,1.9
4/30/09,6.64
5/1/09,106.1
5/2/09,374.09
5/3/09,233.86
5/4/09,124.94
5/5/09,350.67
5/6/09,25.34
5/7/09,13.71
5/8/09,0.45
5/9/09,0.03
5/10/09,0.03
5/11/09,0.33
5/12/09,0.76
5/13/09,0.46
5/14/09,10.89
5/15/09,4.23
5/16/09,0.09
5/17/09,0.02
5/18/09,0.54
5/19/09,1.12
5/20/09,0.03
5/21/09,0.03
5/22/09,0
5/23/09,1.17
5/24/09,0.52
5/25/09,2.6
5/26/09,2.62
5/27/09,1.11
5/28/09,2.14
5/29/09,6.73
5/30/09,5.23
5/31/09,12.98
6/1/09,7.53
6/2/09,19.44
6/3/09,31.15
6/4/09,91.58
6/5/09,52.78
6/6/09,30.18
6/7/09,5.36
6/8/09,5.6
6/9/09,2.69
6/10/09,11.86
6/11/09,12.84
6/12/09,9.23
6/13/09,13.82
6/14/09,5.56
6/15/09,8.63
6/16/09,6.03
6/17/09,2.19
6/18/09,0.97
6/19/09,0.45
6/20/09,4.65
6/21/09,7.45
6/22/09,0.91
6/23/09,0.08
6/24/09,0.01
6/25/09,0.12
6/26/09,0.22
6/27/09,0
6/28/09,0.12
6/29/09,0.22
6/30/09,5.02
7/1/09,0.33
7/2/09,0.74
7/3/09,2.19
7/4/09,0.51
7/5/09,0.33
7/6/09,0.24
7/7/09,0.41
7/8/09,0.03
7/9/09,0.02
7/10/09,0.12
7/11/09,0.14
7/12/09,1.72
7/13/09,0.12
7/14/09,0.04
7/15/09,0.05
7/16/09,0.09
7/17/09,0.05
7/18/09,0.05
7/19/09,0.23
7/20/09,0.43
7/21/09,0.95
7/22/09,0.69
7/23/09,0.22
7/24/09,1.97
7/25/09,0.99
7/26/09,0.07
7/27/09,0.19
7/28/09,5.18
7/29/09,5.73
7/30/09,2.05
7/31/09,3.26
8/1/09,1.25
8/2/09,2.92
8/3/09,1.9
8/4/09,0.45
8/5/09,0.57
8/6/09,15.46
8/7/09,7.79
8/8/09,0.24
8/9/09,0.02
8/10/09,0.1
8/11/09,0.36
8/12/09,0.07
8/13/09,0.08
8/14/09,0.37
8/15/09,0.02
8/16/09,0.04
8/17/09,0.07
8/18/09,0.14
8/19/09,0.07
8/20/09,0.48
8/21/09,0.17
8/22/09,3.47
8/23/09,14.88
8/24/09,2.44
8/25/09,0.07
8/26/09,0.07
8/27/09,0.06
8/28/09,0.09
8/29/09,0.08
8/30/09,0.13
8/31/09,0.11
9/1/09,0.14
9/2/09,1.46
9/3/09,2.2
9/4/09,0.23
9/5/09,2.56
9/6/09,3.52
9/7/09,0.74
9/8/09,0.04
9/9/09,0.01
9/10/09,0.04
9/11/09,0.07
9/12/09,3.17
9/13/09,16.76
9/14/09,70.09
9/15/09,3.86
9/16/09,0.32
9/17/09,0.08
9/18/09,0.03
9/19/09,0.02
9/20/09,0.06
9/21/09,0.13
9/22/09,0.18
9/23/09,0.22
9/24/09,0.15
9/25/09,0.17
9/26/09,0.13
9/27/09,0.06
9/28/09,0.32
9/29/09,1.41
9/30/09,2.09
10/1/09,0.13
10/2/09,0.5
10/3/09,1.96
10/4/09,13.57
10/5/09,4.19
10/6/09,0.11
10/7/09,0.38
10/8/09,0.33
10/9/09,0.08
10/10/09,0.1
10/11/09,0.22
10/12/09,7.34
10/13/09,724.91
10/14/09,1173.88
10/15/09,86.89
10/16/09,11.11
10/17/09,3.39
10/18/09,6.57
10/19/09,89.8
10/20/09,70.17
10/21/09,0.66
10/22/09,0.43
10/23/09,0.46
10/24/09,1.27
10/25/09,0.7
10/26/09,3.23
10/27/09,7
10/28/09,3.26
10/29/09,0.59
10/30/09,0.51
10/31/09,0.57
11/1/09,1.89
11/2/09,0.26
11/3/09,0.22
11/4/09,0.18
11/5/09,8.97
11/6/09,93.87
11/7/09,32.04
11/8/09,1.88
11/9/09,5.6
11/10/09,24.25
11/11/09,7.94
11/12/09,38.04
11/13/09,14.62
11/14/09,6.78
11/15/09,0.63
11/16/09,1
11/17/09,31.91
11/18/09,93.78
11/19/09,1.67
11/20/09,104.75
11/21/09,159.26
11/22/09,43.93
11/23/09,13.88
11/24/09,0.41
11/25/09,0.26
11/26/09,6.28
11/27/09,67.77
11/28/09,70.26
11/29/09,27.19
11/30/09,5.19
12/1/09,1.14
12/2/09,0.12
12/3/09,2.28
12/4/09,0.15
12/5/09,0.35
12/6/09,21.08
12/7/09,325.4
12/8/09,180.1
12/9/09,3.89
12/10/09,33.09
12/11/09,234.72
12/12/09,463.52
12/13/09,575.96
12/14/09,96.8
12/15/09,68.08
12/16/09,241.14
12/17/09,12
12/18/09,11.56
12/19/09,3.19
12/20/09,21.44
12/21/09,131.01
12/22/09,137.89
12/23/09,11.31
12/24/09,2.26
12/25/09,0.45
12/26/09,20.63
12/27/09,136.7
12/28/09,23.15
12/29/09,39.78
12/30/09,138.11
12/31/09,39.32
1/1/10,154.68
1/2/10,59.24
1/3/10,1.94
1/4/10,9.54
1/5/10,5.09
1/6/10,20.59
1/7/10,14.1
1/8/10,12.6
1/9/10,23.64
1/10/10,9.6
1/11/10,10.58
1/12/10,320.95
1/13/10,372.47
1/14/10,23.74
1/15/10,2.87
1/16/10,11.03
1/17/10,141.84
1/18/10,632.55
1/19/10,1013.33
1/20/10,935.71
1/21/10,938.21
1/22/10,632.79
1/23/10,243.7
1/24/10,85.25
1/25/10,330.45
1/26/10,342.28
1/27/10,64.08
1/28/10,5.36
1/29/10,15.96
1/30/10,111.78
1/31/10,31.92
2/1/10,16.03
2/2/10,37.19
2/3/10,53.62
2/4/10,59.57
2/5/10,468.35
2/6/10,494.42
2/7/10,161.54
2/8/10,24.8
2/9/10,171.44
2/10/10,105.84
2/11/10,30.83
2/12/10,55.84
2/13/10,22.05
2/14/10,13.3
2/15/10,12.06
2/16/10,1.94
2/17/10,0.37
2/18/10,1.1
2/19/10,11.06
2/20/10,68.63
2/21/10,85.83
2/22/10,100.82
2/23/10,100.3
2/24/10,565.41
2/25/10,46.79
2/26/10,189.18
2/27/10,634.09
2/28/10,158.72
3/1/10,11.84
3/2/10,170.88
3/3/10,374.89
3/4/10,200.17
3/5/10,3.36
3/6/10,19.41
3/7/10,68.72
3/8/10,63.39
3/9/10,61.23
3/10/10,111.89
3/11/10,11.14
3/12/10,141.3
3/13/10,280.22
3/14/10,4.63
3/15/10,5.38
3/16/10,1.76
3/17/10,2.79
3/18/10,5.02
3/19/10,0.43
3/20/10,0.32
3/21/10,10.2
3/22/10,5.1
3/23/10,0.43
3/24/10,9.49
3/25/10,108.15
3/26/10,41.72
3/27/10,2.26
3/28/10,7.32
3/29/10,74.57
3/30/10,221.5
3/31/10,190.52
4/1/10,122.11
4/2/10,81.89
4/3/10,162.8
4/4/10,119.7
4/5/10,507.83
4/6/10,55
4/7/10,3.4
4/8/10,6.27
4/9/10,0.5
4/10/10,3.86
4/11/10,165.32
4/12/10,716.61
4/13/10,184.18
4/14/10,31.05
4/15/10,26.35
4/16/10,0.93
4/17/10,0.41
4/18/10,1.46
4/19/10,9.38
4/20/10,260.41
4/21/10,241.28
4/22/10,127.36
4/23/10,13.22
4/24/10,1.11
4/25/10,0.17
4/26/10,11.15
4/27/10,275.96
4/28/10,256.41
4/29/10,101.2
4/30/10,31.91
5/1/10,0.27
5/2/10,0.18
5/3/10,0.95
5/4/10,0.7
5/5/10,0.09
5/6/10,0.02
5/7/10,0.24
5/8/10,1.73
5/9/10,13.76
5/10/10,115.45
5/11/10,144.49
5/12/10,1.74
5/13/10,1.15
5/14/10,1.37
5/15/10,1.33
5/16/10,1.56
5/17/10,25.44
5/18/10,111.52
5/19/10,11.15
5/20/10,32.65
5/21/10,20.01
5/22/10,35.94
5/23/10,18.09
5/24/10,6.31
5/25/10,37.53
5/26/10,177.58
5/27/10,154.82
5/28/10,137.8
5/29/10,3.67
5/30/10,2.2
5/31/10,5.94
6/1/10,4.87
6/2/10,19.89
6/3/10,65.84
6/4/10,73.65
6/5/10,11.39
6/6/10,2.25
6/7/10,3.98
6/8/10,1.11
6/9/10,12.42
6/10/10,13.89
6/11/10,1.33
6/12/10,0.69
6/13/10,0.39
6/14/10,0.18
6/15/10,0.33
6/16/10,0.39
6/17/10,0.13
6/18/10,0.02
6/19/10,0.17
6/20/10,1.28
6/21/10,0.5
6/22/10,0.4
6/23/10,0.07
6/24/10,0.44
6/25/10,5.61
6/26/10,0.71
6/27/10,0.06
6/28/10,0.1
6/29/10,19.16
6/30/10,1.46
7/1/10,0.04
7/2/10,0.03
7/3/10,0.03
7/4/10,0.12
7/5/10,0.13
7/6/10,3.59
7/7/10,1.53
7/8/10,0.71
7/9/10,1.2
7/10/10,1.13
7/11/10,0.97
7/12/10,0.41
7/13/10,0.29
7/14/10,0.02
7/15/10,0.68
7/16/10,5.05
7/17/10,0.91
7/18/10,0
7/19/10,0.02
7/20/10,0.08
7/21/10,0.14
7/22/10,0.16
7/23/10,0.38
7/24/10,1.59
7/25/10,4.28
7/26/10,3.72
7/27/10,3.3
7/28/10,0.16
7/29/10,0.37
7/30/10,0.33
7/31/10,6.59
8/1/10,0.06
8/2/10,0.56
8/3/10,0.35
8/4/10,0.4
8/5/10,0.28
8/6/10,0.18
8/7/10,3.3
8/8/10,4.58
8/9/10,1.46
8/10/10,0.3
8/11/10,0.96
8/12/10,0.24
8/13/10,0.26
8/14/10,0.39
8/15/10,0.39
8/16/10,0.49
8/17/10,0.93
8/18/10,0.33
8/19/10,0.08
8/20/10,0.18
8/21/10,0.24
8/22/10,0.18
8/23/10,0
8/24/10,0.01
8/25/10,1.24
8/26/10,3.22
8/27/10,4.11
8/28/10,7.81
8/29/10,7.65
8/30/10,4.86
8/31/10,1.14
9/1/10,0.08
9/2/10,0.15
9/3/10,0.04
9/4/10,0.19
9/5/10,0.09
9/6/10,0.13
9/7/10,0.86
9/8/10,15.3
9/9/10,18.14
9/10/10,0.25
9/11/10,0.22
9/12/10,0.01
9/13/10,0.19
9/14/10,0.09
9/15/10,0.31
9/16/10,0.15
9/17/10,3.42
9/18/10,18.81
9/19/10,59.97
9/20/10,17.43
9/21/10,0.41
9/22/10,1.06
9/23/10,0.03
9/24/10,0.15
9/25/10,0.02
9/26/10,0.05
9/27/10,0.08
9/28/10,0.06
9/29/10,0.05
9/30/10,6.45
10/1/10,15.13
10/2/10,22.83
10/3/10,47.1
10/4/10,92.05
10/5/10,59.18
10/6/10,85.85
10/7/10,52.32
10/8/10,2.81
10/9/10,2.27
10/10/10,0.28
10/11/10,0.43
10/12/10,0.16
10/13/10,0.25
10/14/10,0.54
10/15/10,0.85
10/16/10,2.46
10/17/10,36.25
10/18/10,60.99
10/19/10,97.71
10/20/10,146.91
10/21/10,21.87
10/22/10,40.25
10/23/10,163.41
10/24/10,939.89
10/25/10,604.33
10/26/10,28.34
10/27/10,11.07
10/28/10,91
10/29/10,149.53
10/30/10,131.37
10/31/10,65.69
11/1/10,6.33
11/2/10,0.51
11/3/10,0.39
11/4/10,0.45
11/5/10,1.89
11/6/10,8.33
11/7/10,354.74
11/8/10,235.73
11/9/10,20.12
11/10/10,103.36
11/11/10,2.77
11/12/10,1.16
11/13/10,0.51
11/14/10,0.24
11/15/10,0.5
11/16/10,0.53
11/17/10,0.36
11/18/10,12.29
11/19/10,58.47
11/20/10,421.87
11/21/10,551.65
11/22/10,176.26
11/23/10,234.51
11/24/10,77.89
11/25/10,2.43
11/26/10,7.49
11/27/10,200.95
11/28/10,129.45
11/29/10,11.11
11/30/10,8.32
12/1/10,29.25
12/2/10,91.35
12/3/10,112.36
12/4/10,27.03
12/5/10,147.33
12/6/10,482.16
12/7/10,24.99
12/8/10,161.24
12/9/10,144.02
12/10/10,77.76
12/11/10,21.5
12/12/10,7.63
12/13/10,20.17
12/14/10,264.29
12/15/10,144.23
12/16/10,28.96
12/17/10,191.59
12/18/10,795.47
12/19/10,1023.72
12/20/10,784.97
12/21/10,539.2
12/22/10,850.83
12/23/10,146.15
12/24/10,6.27
12/25/10,124.27
12/26/10,439
12/27/10,84.61
12/28/10,204.21
12/29/10,882.65
12/30/10,106.89
12/31/10,38.64
1/1/11,146.11
1/2/11,277.48
1/3/11,165.48
1/4/11,26.19
1/5/11,1.18
1/6/11,0.8
1/7/11,1.28
1/8/11,1.11
1/9/11,1.27
1/10/11,0.82
1/11/11,14.94
1/12/11,46.63
1/13/11,105.77
1/14/11,85.82
1/15/11,2.34
1/16/11,23.86
1/17/11,13.1
1/18/11,2.89
1/19/11,4.73
1/20/11,0.64
1/21/11,1.87
1/22/11,0.21
1/23/11,0.95
1/24/11,0.18
1/25/11,0.12
1/26/11,0.25
1/27/11,0.3
1/28/11,0.39
1/29/11,15.27
1/30/11,281.22
1/31/11,99.55
2/1/11,2.51
2/2/11,0.41
2/3/11,0.12
2/4/11,0.25
2/5/11,0.25
2/6/11,1.02
2/7/11,1.03
2/8/11,0.12
2/9/11,0.14
2/10/11,0.07
2/11/11,0.34
2/12/11,0.02
2/13/11,1.74
2/14/11,100.46
2/15/11,302.93
2/16/11,734.32
2/17/11,388.78
2/18/11,534.03
2/19/11,548.9
2/20/11,160.31
2/21/11,11.15
2/22/11,9.19
2/23/11,1.15
2/24/11,64.59
2/25/11,530.53
2/26/11,366.58
2/27/11,52.94
2/28/11,27.17
3/1/11,20.08
3/2/11,267.56
3/3/11,158.49
3/4/11,19.67
3/5/11,33.04
3/6/11,272.6
3/7/11,196.45
3/8/11,52.25
3/9/11,10.02
3/10/11,52.42
3/11/11,56.44
3/12/11,6.72
3/13/11,69.51
3/14/11,300.75
3/15/11,201.97
3/16/11,537.66
3/17/11,60.98
3/18/11,250.89
3/19/11,521.69
3/20/11,929.29
3/21/11,605.93
3/22/11,125.03
3/23/11,354.64
3/24/11,592.98
3/25/11,639.96
3/26/11,405.88
3/27/11,159.55
3/28/11,89.18
3/29/11,7.03
3/30/11,8.33
3/31/11,2.26
4/1/11,3.68
4/2/11,8.31
4/3/11,0.81
4/4/11,1.25
4/5/11,5.55
4/6/11,5.57
4/7/11,79.61
4/8/11,65.11
4/9/11,32.63
4/10/11,3.03
4/11/11,17.35
4/12/11,2.86
4/13/11,39.45
4/14/11,28.77
4/15/11,37.32
4/16/11,60.82
4/17/11,41.1
4/18/11,82.18
4/19/11,28.86
4/20/11,33.45
4/21/11,135.24
4/22/11,10.6
4/23/11,18.77
4/24/11,65.09
4/25/11,72.59
4/26/11,18.93
4/27/11,0.68
4/28/11,5
4/29/11,5.99
4/30/11,0.6
5/1/11,0.22
5/2/11,0.11
5/3/11,0.04
5/4/11,0.15
5/5/11,0.14
5/6/11,0.3
5/7/11,2.89
5/8/11,19.31
5/9/11,32.1
5/10/11,14.43
5/11/11,1.03
5/12/11,2.97
5/13/11,0.29
5/14/11,10.8
5/15/11,204.76
5/16/11,123.68
5/17/11,218.37
5/18/11,301.18
5/19/11,19.72
5/20/11,1.49
5/21/11,1.48
5/22/11,2.67
5/23/11,7.25
5/24/11,8.18
5/25/11,75.25
5/26/11,113.67
5/27/11,26.06
5/28/11,31.16
5/29/11,75.28
5/30/11,12.53
5/31/11,56.39
6/1/11,91.97
6/2/11,79.58
6/3/11,9.82
6/4/11,186.42
6/5/11,207.9
6/6/11,174.83
6/7/11,17.55
6/8/11,1.17
6/9/11,1.4
6/10/11,2.32
6/11/11,1.32
6/12/11,0.91
6/13/11,0.59
6/14/11,0.06
6/15/11,0.27
6/16/11,0.97
6/17/11,1.59
6/18/11,0.3
6/19/11,0.42
6/20/11,0.06
6/21/11,0.42
6/22/11,0.26
6/23/11,0.16
6/24/11,0.03
6/25/11,0.04
6/26/11,0.95
6/27/11,3.46
6/28/11,143.85
6/29/11,262.41
6/30/11,9.9
7/1/11,0.66
7/2/11,0.2
7/3/11,0.07
7/4/11,2.74
7/5/11,6.85
7/6/11,21.72
7/7/11,6.44
7/8/11,2.15
7/9/11,1.57
7/10/11,0.85
7/11/11,1.16
7/12/11,0.42
7/13/11,3.24
7/14/11,2.7
7/15/11,0.31
7/16/11,1.82
7/17/11,3.14
7/18/11,3.43
7/19/11,11.85
7/20/11,0.1
7/21/11,0.2
7/22/11,0.25
7/23/11,0.03
7/24/11,0.09
7/25/11,0.71
7/26/11,0.92
7/27/11,0.18
7/28/11,0.06
7/29/11,1.69
7/30/11,5.73
7/31/11,23.42
8/1/11,18.18
8/2/11,4.09
8/3/11,0.57
8/4/11,2.12
8/5/11,0.69
8/6/11,0.88
8/7/11,0.79
8/8/11,0.37
8/9/11,0.06
8/10/11,0.34
8/11/11,0.13
8/12/11,0.28
8/13/11,0.29
8/14/11,1.21
8/15/11,0.16
8/16/11,0.14
8/17/11,0.09
8/18/11,0.11
8/19/11,0.18
8/20/11,0.28
8/21/11,0.3
8/22/11,0.38
8/23/11,0.05
8/24/11,0.1
8/25/11,0.21
8/26/11,1.25
8/27/11,3.6
8/28/11,3.15
8/29/11,1.97
8/30/11,0.66
8/31/11,0.62
9/1/11,0.73
9/2/11,0.11
9/3/11,0.1
9/4/11,1.39
9/5/11,3.41
9/6/11,7.36
9/7/11,1.71
9/8/11,1.14
9/9/11,1.75
9/10/11,10.12
9/11/11,22.36
9/12/11,19.99
9/13/11,22.41
9/14/11,22.71
9/15/11,2.32
9/16/11,0.68
9/17/11,0.44
9/18/11,2.18
9/19/11,0.36
9/20/11,0.62
9/21/11,0.69
9/22/11,0.83
9/23/11,0.75
9/24/11,2.99
9/25/11,19.11
9/26/11,4.37
9/27/11,0.24
9/28/11,0.24
9/29/11,0.17
9/30/11,1.34
10/1/11,3.64
10/2/11,6.42
10/3/11,57.68
10/4/11,183.69
10/5/11,660.39
10/6/11,284.44
10/7/11,50.36
10/8/11,7.59
10/9/11,3.09
10/10/11,114.41
10/11/11,183.74
10/12/11,3.52
10/13/11,0.72
10/14/11,1.44
10/15/11,0.37
10/16/11,1.45
10/17/11,2.62
10/18/11,2.17
10/19/11,1.07
10/20/11,1.93
10/21/11,0.65
10/22/11,0.27
10/23/11,0.3
10/24/11,0.32
10/25/11,2.59
10/26/11,1.73
10/27/11,0.13
10/28/11,1.26
10/29/11,0.03
10/30/11,0.19
10/31/11,0.65
11/1/11,0.24
11/2/11,2.08
11/3/11,35.12
11/4/11,113.83
11/5/11,124.6
11/6/11,274.35
11/7/11,67.36
11/8/11,1.27
11/9/11,2.53
11/10/11,1.34
11/11/11,30.67
11/12/11,155.01
11/13/11,61.05
11/14/11,2.22
11/15/11,1.27
11/16/11,4.42
11/17/11,20.34
11/18/11,54.14
11/19/11,74.64
11/20/11,280.79
11/21/11,188.19
11/22/11,55.36
11/23/11,46.71
11/24/11,193.78
11/25/11,35.99
11/26/11,3.39
11/27/11,0.64
11/28/11,7.94
11/29/11,1.21
11/30/11,1.18
12/1/11,6.31
12/2/11,1.93
12/3/11,0.08
12/4/11,0.03
12/5/11,0.67
12/6/11,0.36
12/7/11,0.29
12/8/11,0.25
12/9/11,0.05
12/10/11,0.12
12/11/11,1.37
12/12/11,66.17
12/13/11,93.33
12/14/11,10.87
12/15/11,74.47
12/16/11,12.22
12/17/11,3.85
12/18/11,4.08
12/19/11,1.19
12/20/11,1.19
12/21/11,0.22
12/22/11,0.15
12/23/11,1.26
12/24/11,0.3
12/25/11,0.76
12/26/11,3.78
12/27/11,3.29
12/28/11,15.76
12/29/11,32.58
12/30/11,85.94
12/31/11,28.41
1/1/12,0.25
1/2/12,1.51
1/3/12,2.36
1/4/12,0.78
1/5/12,3.46
1/6/12,0.4
1/7/12,0.17
1/8/12,0.23
1/9/12,0.21
1/10/12,0.25
1/11/12,0.06
1/12/12,0.25
1/13/12,0.09
1/14/12,0.22
1/15/12,3.04
1/16/12,21.94
1/17/12,2.55
1/18/12,47.25
1/19/12,194.32
1/20/12,500.66
1/21/12,1211.56
1/22/12,164.52
1/23/12,772.31
1/24/12,129.72
1/25/12,71.46
1/26/12,48.5
1/27/12,10.4
1/28/12,0.57
1/29/12,1.58
1/30/12,6.98
1/31/12,5.25
2/1/12,52.45
2/2/12,6.38
2/3/12,0.34
2/4/12,2.08
2/5/12,0.08
2/6/12,3.3
2/7/12,107.32
2/8/12,65.44
2/9/12,3.82
2/10/12,23.59
2/11/12,46.2
2/12/12,24.49
2/13/12,237.6
2/14/12,83.04
2/15/12,75.48
2/16/12,54.44
2/17/12,1.58
2/18/12,8.1
2/19/12,3.61
2/20/12,12.81
2/21/12,5.17
2/22/12,1.31
2/23/12,1.16
2/24/12,1.63
2/25/12,12.32
2/26/12,0.98
2/27/12,39.52
2/28/12,97.4
2/29/12,345.76
3/1/12,190.83
3/2/12,50.63
3/3/12,1.56
3/4/12,0.87
3/5/12,2.72
3/6/12,36.66
3/7/12,7.92
3/8/12,0.68
3/9/12,0.2
3/10/12,1.56
3/11/12,37.07
3/12/12,23.97
3/13/12,306.01
3/14/12,597.79
3/15/12,303.79
3/16/12,451.68
3/17/12,739.1
3/18/12,328.26
3/19/12,103.83
3/20/12,33.91
3/21/12,34.78
3/22/12,60.25
3/23/12,15.29
3/24/12,89.31
3/25/12,372.64
3/26/12,200.44
3/27/12,227.12
3/28/12,516.15
3/29/12,65.95
3/30/12,271.52
3/31/12,220.78
4/1/12,303.96
4/2/12,29.58
4/3/12,11.45
4/4/12,91.44
4/5/12,21.13
4/6/12,4.73
4/7/12,3.24
4/8/12,1.47
4/9/12,4.83
4/10/12,76.8
4/11/12,336.14
4/12/12,396
4/13/12,629.75
4/14/12,231.09
4/15/12,7.57
4/16/12,9.26
4/17/12,9.57
4/18/12,11.21
4/19/12,27.75
4/20/12,6.67
4/21/12,0.89
4/22/12,0.1
4/23/12,6.85
4/24/12,9.27
4/25/12,49.87
4/26/12,345.04
4/27/12,48.28
4/28/12,0.76
4/29/12,1.88
4/30/12,2.5
5/1/12,4.3
5/2/12,5.34
5/3/12,31.31
5/4/12,55.53
5/5/12,1.86
5/6/12,0.03
5/7/12,0.21
5/8/12,0.12
5/9/12,0.1
5/10/12,0.15
5/11/12,0.11
5/12/12,2.09
5/13/12,0.34
5/14/12,0.07
5/15/12,0.73
5/16/12,0.17
5/17/12,1.19
5/18/12,2.5
5/19/12,0.08
5/20/12,0.01
5/21/12,2.45
5/22/12,10.71
5/23/12,2.21
5/24/12,2.64
5/25/12,18.31
5/26/12,24.19
5/27/12,15.8
5/28/12,2.66
5/29/12,0.69
5/30/12,0.59
5/31/12,0.25
6/1/12,0.59
6/2/12,1.04
6/3/12,1.87
6/4/12,75.65
6/5/12,129.18
6/6/12,6.85
6/7/12,0.9
6/8/12,1.14
6/9/12,0.84
6/10/12,0
6/11/12,0.24
6/12/12,0.2
6/13/12,1.16
6/14/12,0.07
6/15/12,0.14
6/16/12,0.24
6/17/12,0.09
6/18/12,0.37
6/19/12,0.03
6/20/12,0.01
6/21/12,0
6/22/12,11.73
6/23/12,42.24
6/24/12,4.26
6/25/12,3.19
6/26/12,8.07
6/27/12,0.16
6/28/12,0.22
6/29/12,1.05
6/30/12,1.71
7/1/12,7.87
7/2/12,0.99
7/3/12,0.26
7/4/12,1.06
7/5/12,1.22
7/6/12,0.04
7/7/12,0.07
7/8/12,0.04
7/9/12,0.19
7/10/12,0.19
7/11/12,0.14
7/12/12,1.52
7/13/12,20.31
7/14/12,9.91
7/15/12,4.1
7/16/12,1.57
7/17/12,23.87
7/18/12,11.5
7/19/12,1.8
7/20/12,1.84
7/21/12,0.19
7/22/12,0.61
7/23/12,16.7
7/24/12,5.9
7/25/12,0.31
7/26/12,0.14
7/27/12,0.53
7/28/12,0.81
7/29/12,1.16
7/30/12,6.85
7/31/12,7.35
8/1/12,12.2
8/2/12,1.19
8/3/12,0.41
8/4/12,3.58
8/5/12,2.72
8/6/12,2.13
8/7/12,1.68
8/8/12,0.83
8/9/12,1.64
8/10/12,1.41
8/11/12,4.43
8/12/12,9.05
8/13/12,10.98
8/14/12,14.09
8/15/12,6.82
8/16/12,7.27
8/17/12,7.61
8/18/12,11.66
8/19/12,2.76
8/20/12,2.2
8/21/12,2.53
8/22/12,6.46
8/23/12,7.94
8/24/12,1.04
8/25/12,0.42
8/26/12,1.34
8/27/12,1.54
8/28/12,0.33
8/29/12,1.14
8/30/12,16.36
8/31/12,6.03
9/1/12,1.16
9/2/12,0.04
9/3/12,0.02
9/4/12,0.17
9/5/12,3.93
9/6/12,7.47
9/7/12,1.03
9/8/12,0.27
9/9/12,1.91
9/10/12,9.62
9/11/12,12.38
9/12/12,2.85
9/13/12,0.09
9/14/12,0.07
9/15/12,0.66
9/16/12,0.16
9/17/12,0.09
9/18/12,0.13
9/19/12,0.06
9/20/12,0.18
9/21/12,0.12
9/22/12,0.21
9/23/12,0.27
9/24/12,0.36
9/25/12,0.01
9/26/12,0.02
9/27/12,0
9/28/12,0.18
9/29/12,0.05
9/30/12,0.06
10/1/12,0.03
10/2/12,0.36
10/3/12,0.59
10/4/12,1.07
10/5/12,0.49
10/6/12,0.21
10/7/12,0.1
10/8/12,0.57
10/9/12,1.23
10/10/12,5.16
10/11/12,37.78
10/12/12,70.13
10/13/12,9.08
10/14/12,2.73
10/15/12,4.12
10/16/12,47.12
10/17/12,1.96
10/18/12,6.52
10/19/12,1.08
10/20/12,4.78
10/21/12,17.84
10/22/12,351.02
10/23/12,245.47
10/24/12,119.95
10/25/12,51.32
10/26/12,6.23
10/27/12,2.63
10/28/12,1.14
10/29/12,1.84
10/30/12,1.78
10/31/12,29.48
11/1/12,245.59
11/2/12,8.31
11/3/12,4.1
11/4/12,0.4
11/5/12,0.37
11/6/12,0.5
11/7/12,1.19
11/8/12,57.11
11/9/12,130.79
11/10/12,54.1
11/11/12,8.4
11/12/12,3.27
11/13/12,14.27
11/14/12,5.49
11/15/12,2.28
11/16/12,48.97
11/17/12,496.63
11/18/12,383.93
11/19/12,62.2
11/20/12,189.28
11/21/12,394.11
11/22/12,27.33
11/23/12,2.89
11/24/12,2.51
11/25/12,3.54
11/26/12,0.83
11/27/12,1.89
11/28/12,174.03
11/29/12,459.4
11/30/12,1255.23
12/1/12,702.37
12/2/12,1061.76
12/3/12,366.06
12/4/12,100.35
12/5/12,464.82
12/6/12,66.77
12/7/12,3.78
12/8/12,1
12/9/12,0.61
12/10/12,1.69
12/11/12,10.15
12/12/12,134.54
12/13/12,194.73
12/14/12,71.22
12/15/12,69.52
12/16/12,145.95
12/17/12,289.83
12/18/12,142.44
12/19/12,38.65
12/20/12,45.9
12/21/12,444.51
12/22/12,649.39
12/23/12,564.78
12/24/12,548.91
12/25/12,125.48
12/26/12,499.94
12/27/12,74.92
12/28/12,19.06
12/29/12,88.91
12/30/12,40.91
12/31/12,21.97
1/1/13,1.06
1/2/13,1.3
1/3/13,2.06
1/4/13,1.71
1/5/13,25.96
1/6/13,209.07
1/7/13,45.63
1/8/13,3.69
1/9/13,29.5
1/10/13,98.22
1/11/13,22.04
1/12/13,7.09
1/13/13,0.46
1/14/13,0.71
1/15/13,0.26
1/16/13,0.54
1/17/13,0.53
1/18/13,0.18
1/19/13,0.21
1/20/13,0.28
1/21/13,0.19
1/22/13,2.06
1/23/13,41.35
1/24/13,279.68
1/25/13,133.52
1/26/13,143.74
1/27/13,53.09
1/28/13,32.58
1/29/13,7.44
1/30/13,0.86
1/31/13,0.25
2/1/13,0.25
2/2/13,0.35
2/3/13,2.85
2/4/13,0.29
2/5/13,2.93
2/6/13,7.94
2/7/13,62.68
2/8/13,122.07
2/9/13,46.86
2/10/13,2.88
2/11/13,3.31
2/12/13,0.91
2/13/13,0.3
2/14/13,0.6
2/15/13,0.15
2/16/13,0.3
2/17/13,0.29
2/18/13,2.58
2/19/13,112.81
2/20/13,211.35
2/21/13,10.94
2/22/13,8.26
2/23/13,13.27
2/24/13,2.33
2/25/13,5.26
2/26/13,0.36
2/27/13,1.85
2/28/13,17.58
3/1/13,3.11
3/2/13,1.93
3/3/13,17.65
3/4/13,9.84
3/5/13,33.34
3/6/13,372.94
3/7/13,88.8
3/8/13,246.19
3/9/13,58.1
3/10/13,2.12
3/11/13,1.43
3/12/13,0.5
3/13/13,0.27
3/14/13,1.34
3/15/13,0.16
3/16/13,0.66
3/17/13,2.77
3/18/13,0.6
3/19/13,15.99
3/20/13,226.45
3/21/13,76.29
3/22/13,0.43
3/23/13,0.17
3/24/13,0.4
3/25/13,3.19
3/26/13,9.75
3/27/13,11.49
3/28/13,11.95
3/29/13,9.85
3/30/13,15.07
3/31/13,246.73
4/1/13,166.22
4/2/13,16.11
4/3/13,4.33
4/4/13,190.16
4/5/13,132.34
4/6/13,37.01
4/7/13,40.69
4/8/13,125.81
4/9/13,6.69
4/10/13,3.61
4/11/13,1.88
4/12/13,0.19
4/13/13,0.77
4/14/13,0.56
4/15/13,20.18
4/16/13,20.51
4/17/13,3.71
4/18/13,0.35
4/19/13,0.25
4/20/13,0.39
4/21/13,0.22
4/22/13,0.11
4/23/13,0.05
4/24/13,0.3
4/25/13,1.22
4/26/13,0.44
4/27/13,0.24
4/28/13,0.09
4/29/13,0.19
4/30/13,0.13
5/1/13,0.82
5/2/13,0.14
5/3/13,1.48
5/4/13,1.57
5/5/13,7.08
5/6/13,114.2
5/7/13,137.27
5/8/13,36.64
5/9/13,14.7
5/10/13,6.58
5/11/13,0.76
5/12/13,0.46
5/13/13,0.1
5/14/13,1.07
5/15/13,1.58
5/16/13,18.56
5/17/13,46.99
5/18/13,0.86
5/19/13,0.62
5/20/13,0.25
5/21/13,2.37
5/22/13,6.95
5/23/13,0.78
5/24/13,1.42
5/25/13,0.21
5/26/13,9.32
5/27/13,47.92
5/28/13,94.36
5/29/13,13.94
5/30/13,2.23
5/31/13,0.35
6/1/13,0.22
6/2/13,0.81
6/3/13,0.42
6/4/13,1.03
6/5/13,1.28
6/6/13,1.98
6/7/13,0.15
6/8/13,0.12
6/9/13,3.91
6/10/13,13.75
6/11/13,5.44
6/12/13,0.18
6/13/13,0.24
6/14/13,0
6/15/13,0.1
6/16/13,0.12
6/17/13,0.14
6/18/13,2.76
6/19/13,13.58
6/20/13,1.3
6/21/13,0.25
6/22/13,0.22
6/23/13,6.6
6/24/13,61.51
6/25/13,214.12
6/26/13,147.8
6/27/13,6.03
6/28/13,1.54
6/29/13,0.54
6/30/13,0
7/1/13,1.59
7/2/13,2.76
7/3/13,11.11
7/4/13,8.9
7/5/13,1.09
7/6/13,0.15
7/7/13,0.14
7/8/13,0.22
7/9/13,0.35
7/10/13,0.2
7/11/13,2.97
7/12/13,1.49
7/13/13,1.03
7/14/13,0.08
7/15/13,0.26
7/16/13,0.72
7/17/13,0.18
7/18/13,0.13
7/19/13,0.3
7/20/13,2.03
7/21/13,12.13
7/22/13,14.41
7/23/13,13.6
7/24/13,0.97
7/25/13,6.27
7/26/13,15.22
7/27/13,5.82
7/28/13,4.27
7/29/13,3.64
7/30/13,0.1
7/31/13,0.19
8/1/13,0.58
8/2/13,0.12
8/3/13,0.05
8/4/13,0.09
8/5/13,0.21
8/6/13,0.37
8/7/13,1.02
8/8/13,1.8
8/9/13,2.26
8/10/13,2.09
8/11/13,1.19
8/12/13,1.33
8/13/13,0.23
8/14/13,0.2
8/15/13,0.37
8/16/13,0.58
8/17/13,0.54
8/18/13,1.26
8/19/13,5.48
8/20/13,6.85
8/21/13,8.65
8/22/13,14.05
8/23/13,2.81
8/24/13,1.16
8/25/13,17.52
8/26/13,18.04
8/27/13,7.41
8/28/13,1.46
8/29/13,6.36
8/30/13,6.51
8/31/13,3.86
9/1/13,6.42
9/2/13,17.56
9/3/13,32.54
9/4/13,3.8
9/5/13,2.9
9/6/13,6.12
9/7/13,9.93
9/8/13,5.96
9/9/13,4.55
9/10/13,4.17
9/11/13,1.16
9/12/13,2.12
9/13/13,2.64
9/14/13,1.73
9/15/13,2.25
9/16/13,0.46
9/17/13,7.47
9/18/13,5.84
9/19/13,0.04
9/20/13,7.85
9/21/13,177.8
9/22/13,198.79
9/23/13,21.54
9/24/13,10.46
9/25/13,22.46
9/26/13,7.56
9/27/13,0.97
9/28/13,2.36
9/29/13,60.67
9/30/13,140.56
10/1/13,10.53
10/2/13,0.18
10/3/13,1.28
10/4/13,0.38
10/5/13,1.48
10/6/13,0.44
10/7/13,0.21
10/8/13,0.6
10/9/13,27.62
10/10/13,75.79
10/11/13,1.18
10/12/13,1.69
10/13/13,9.53
10/14/13,0.67
10/15/13,0.54
10/16/13,0.58
10/17/13,0.44
10/18/13,0.24
10/19/13,0.07
10/20/13,0.42
10/21/13,0.6
10/22/13,0.45
10/23/13,0.63
10/24/13,0.33
10/25/13,0.24
10/26/13,0.28
10/27/13,3.56
10/28/13,74
10/29/13,75.4
10/30/13,4.49
10/31/13,1.15
11/1/13,0.13
11/2/13,5.41
11/3/13,2.83
11/4/13,2.12
11/5/13,1.7
11/6/13,0.96
11/7/13,1.2
11/8/13,7.48
11/9/13,0.19
11/10/13,0.08
11/11/13,0.43
11/12/13,11.73
11/13/13,5.52
11/14/13,0.78
11/15/13,0.61
11/16/13,8.79
11/17/13,2.73
11/18/13,6.44
11/19/13,148.99
11/20/13,432.56
11/21/13,260.11
11/22/13,73.69
11/23/13,30.5
11/24/13,2.37
11/25/13,0.73
11/26/13,0.22
11/27/13,1.17
11/28/13,0.42
11/29/13,16.34
11/30/13,13.98
12/1/13,1.03
12/2/13,10.64
12/3/13,51.35
12/4/13,23.31
12/5/13,4.36
12/6/13,37.99
12/7/13,275.33
12/8/13,40.37
12/9/13,6.88
12/10/13,1.46
12/11/13,1.46
12/12/13,2.14
12/13/13,1.15
12/14/13,0.71
12/15/13,0.36
12/16/13,1.51
12/17/13,0.22
12/18/13,1.05
12/19/13,32.51
12/20/13,41.89
12/21/13,1.22
12/22/13,0.27
12/23/13,0.32
12/24/13,0.85
12/25/13,0.13
12/26/13,0.09
12/27/13,0.2
12/28/13,0.08
12/29/13,0.27
12/30/13,0.07
12/31/13,0.18
1/1/14,0.14
1/2/14,0.14
1/3/14,0.09
1/4/14,0.21
1/5/14,0.06
1/6/14,1.72
1/7/14,1.22
1/8/14,8.06
1/9/14,17.66
1/10/14,4.32
1/11/14,48.44
1/12/14,52.38
1/13/14,5.56
1/14/14,1.04
1/15/14,0.19
1/16/14,0.15
1/17/14,0.25
1/18/14,0.1
1/19/14,0.09
1/20/14,0.08
1/21/14,0.08
1/22/14,0.09
1/23/14,0.05
1/24/14,0.14
1/25/14,0.05
1/26/14,0.19
1/27/14,0.51
1/28/14,7.49
1/29/14,94.94
1/30/14,210.54
1/31/14,87.92
2/1/14,6.03
2/2/14,66.2
2/3/14,103.02
2/4/14,1.68
2/5/14,7.59
2/6/14,261.19
2/7/14,255.93
2/8/14,780.87
2/9/14,1192.65
2/10/14,514.01
2/11/14,13.7
2/12/14,29.39
2/13/14,125.34
2/14/14,105.33
2/15/14,88.63
2/16/14,139.15
2/17/14,4.73
2/18/14,25.19
2/19/14,46.9
2/20/14,2.85
2/21/14,0.73
2/22/14,0.22
2/23/14,0.48
2/24/14,0.63
2/25/14,1.71
2/26/14,135.42
2/27/14,797.39
2/28/14,775.21
3/1/14,748.52
3/2/14,168.83
3/3/14,222.35
3/4/14,333.26
3/5/14,62.95
3/6/14,284.45
3/7/14,28.23
3/8/14,4.02
3/9/14,98.37
3/10/14,275.42
3/11/14,12.05
3/12/14,0.41
3/13/14,0.36
3/14/14,0.21
3/15/14,0.11
3/16/14,1.48
3/17/14,14.8
3/18/14,0.38
3/19/14,0.1
3/20/14,0.09
3/21/14,0.14
3/22/14,0.15
3/23/14,0.2
3/24/14,0.86
3/25/14,51.32
3/26/14,261.33
3/27/14,230.81
3/28/14,70.07
3/29/14,403.09
3/30/14,295.83
3/31/14,135.21
4/1/14,450.54
4/2/14,273.61
4/3/14,14.57
4/4/14,54.13
4/5/14,41.27
4/6/14,1.66
4/7/14,0.89
4/8/14,0.47
4/9/14,0.31
4/10/14,0.69
4/11/14,0.12
4/12/14,0.22
4/13/14,0.12
4/14/14,0.12
4/15/14,0.13
4/16/14,0.12
4/17/14,1.11
4/18/14,8.42
4/19/14,1.41
4/20/14,3.18
4/21/14,2.98
4/22/14,53.85
4/23/14,10.55
4/24/14,38.91
4/25/14,188.68
4/26/14,267.34
4/27/14,29.97
4/28/14,9.45
4/29/14,0.57
4/30/14,0.22
5/1/14,0.12
5/2/14,2.03
5/3/14,0.83
5/4/14,7.91
5/5/14,26.66
5/6/14,33.3
5/7/14,11.97
5/8/14,11.19
5/9/14,62.05
5/10/14,13.32
5/11/14,5.85
5/12/14,2.04
5/13/14,0.4
5/14/14,0.44
5/15/14,0.37
5/16/14,0.3
5/17/14,0.4
5/18/14,6.71
5/19/14,13.04
5/20/14,48.46
5/21/14,24.36
5/22/14,15.94
5/23/14,8.92
5/24/14,1.32
5/25/14,0.21
5/26/14,0.82
5/27/14,0.28
5/28/14,1.14
5/29/14,0.27
5/30/14,0.04
5/31/14,0.05
6/1/14,0.15
6/2/14,0.65
6/3/14,0.46
6/4/14,0.05
6/5/14,0.02
6/6/14,0.05
6/7/14,0.51
6/8/14,0.01
6/9/14,0.21
6/10/14,0.05
6/11/14,0.52
6/12/14,0.15
6/13/14,0.06
6/14/14,0.02
6/15/14,0.03
6/16/14,0
6/17/14,0.67
6/18/14,0.3
6/19/14,0.7
6/20/14,0.11
6/21/14,0
6/22/14,0.01
6/23/14,0.01
6/24/14,0.11
6/25/14,8.23
6/26/14,40.41
6/27/14,8.35
6/28/14,4.4
6/29/14,0.12
6/30/14,0.4
7/1/14,0.52
7/2/14,0.24
7/3/14,0.63
7/4/14,1.46
7/5/14,5.14
7/6/14,0.76
7/7/14,1.67
7/8/14,2.91
7/9/14,1.76
7/10/14,4.77
7/11/14,4.15
7/12/14,1.3
7/13/14,1.06
7/14/14,3.7
7/15/14,6.2
7/16/14,5.82
7/17/14,8.31
7/18/14,9.18
7/19/14,4.7
7/20/14,9.66
7/21/14,13.25
7/22/14,6.64
7/23/14,3.56
7/24/14,2.33
7/25/14,2.02
7/26/14,2.45
7/27/14,1.96
7/28/14,8.87
7/29/14,5.75
7/30/14,9.51
7/31/14,5.28
8/1/14,4.1
8/2/14,7.49
8/3/14,35.44
8/4/14,54
8/5/14,42.75
8/6/14,26.02
8/7/14,2.9
8/8/14,1.21
8/9/14,1.25
8/10/14,3.75
8/11/14,8.02
8/12/14,14.91
8/13/14,7.02
8/14/14,1.39
8/15/14,0.42
8/16/14,0.07
8/17/14,0.58
8/18/14,1.66
8/19/14,2.1
8/20/14,6.03
8/21/14,7.8
8/22/14,3.09
8/23/14,0.07
8/24/14,0.18
8/25/14,4.98
8/26/14,1.78
8/27/14,0.56
8/28/14,0.08
8/29/14,0.09
8/30/14,0.2
8/31/14,0.04
9/1/14,0.01
9/2/14,0.05
9/3/14,0.16
9/4/14,0.74
9/5/14,0.24
9/6/14,0.57
9/7/14,7.9
9/8/14,17.13
9/9/14,8.69
9/10/14,0.62
9/11/14,0.27
9/12/14,0.21
9/13/14,0.11
9/14/14,0.11
9/15/14,0.19
9/16/14,3.54
9/17/14,13.27
9/18/14,54.66
9/19/14,12.28
9/20/14,3.1
9/21/14,4.69
9/22/14,1.51
9/23/14,0.7
9/24/14,72.97
9/25/14,326.72
9/26/14,119.97
9/27/14,52.52
9/28/14,39.51
9/29/14,20.47
9/30/14,3.44
10/1/14,1.22
10/2/14,0.94
10/3/14,0.18
10/4/14,0.65
10/5/14,0.33
10/6/14,0.26
10/7/14,0.57
10/8/14,0.78
10/9/14,0.51
10/10/14,0.34
10/11/14,0.37
10/12/14,0.31
10/13/14,0.67
10/14/14,11.97
10/15/14,148.33
10/16/14,20.66
10/17/14,2.82
10/18/14,24.56
10/19/14,2.23
10/20/14,73.74
10/21/14,57.71
10/22/14,6.58
10/23/14,108.89
10/24/14,103.74
10/25/14,138.72
10/26/14,152.87
10/27/14,15.36
10/28/14,2.26
10/29/14,7.97
10/30/14,3.31
10/31/14,161.34
11/1/14,463.86
11/2/14,55.81
11/3/14,10.28
11/4/14,2.83
11/5/14,0.43
11/6/14,1.95
11/7/14,11.6
11/8/14,0.38
11/9/14,0.61
11/10/14,0.84
11/11/14,0.5
11/12/14,10.65
11/13/14,206.36
11/14/14,59.41
11/15/14,23.51
11/16/14,2.35
11/17/14,0.91
11/18/14,1.95
11/19/14,56.19
11/20/14,198.94
11/21/14,218.46
11/22/14,361.63
11/23/14,63.94
11/24/14,12.35
11/25/14,1.58
11/26/14,0.89
11/27/14,0.89
11/28/14,28.66
11/29/14,304.7
11/30/14,260.4
12/1/14,199.95
12/2/14,431.09
12/3/14,1201.55
12/4/14,664.98
12/5/14,118.21
12/6/14,354.45
12/7/14,13.76
12/8/14,72.92
12/9/14,40.15
12/10/14,52.37
12/11/14,1148.1
12/12/14,1733.21
12/13/14,263.53
12/14/14,12.03
12/15/14,334.45
12/16/14,464.32
12/17/14,559.67
12/18/14,181.13
12/19/14,312.62
12/20/14,308.73
12/21/14,213.66
12/22/14,57.72
12/23/14,2.67
12/24/14,32.88
12/25/14,90.13
12/26/14,3.89
12/27/14,1.08
12/28/14,1.21
12/29/14,6.41
12/30/14,27.05
12/31/14,63.57
1/1/15,2.29
1/2/15,1.14
1/3/15,0.71
1/4/15,0.88
1/5/15,0.71
1/6/15,0.27
1/7/15,0.27
1/8/15,0.64
1/9/15,2.08
1/10/15,20.98
1/11/15,127.88
1/12/15,68.8
1/13/15,1.86
1/14/15,0.71
1/15/15,3.5
1/16/15,98.82
1/17/15,31.24
1/18/15,84.57
1/19/15,7.6
1/20/15,5.28
1/21/15,0.67
1/22/15,0.25
1/23/15,0.85
1/24/15,0.46
1/25/15,0.51
1/26/15,14.52
1/27/15,62.26
1/28/15,7.16
1/29/15,0.69
1/30/15,14.43
1/31/15,11.19
2/1/15,3.24
2/2/15,80.75
2/3/15,90.17
2/4/15,8.8
2/5/15,29.23
2/6/15,466.16
2/7/15,1186.33
2/8/15,322.55
2/9/15,687.96
2/10/15,44.4
2/11/15,2.41
2/12/15,2.15
2/13/15,0.26
2/14/15,0.32
2/15/15,0.19
2/16/15,0.33
2/17/15,0.46
2/18/15,0.85
2/19/15,0.51
2/20/15,0.83
2/21/15,0.87
2/22/15,35.57
2/23/15,173.74
2/24/15,27.86
2/25/15,0.85
2/26/15,1.98
2/27/15,37.95
2/28/15,99.14
3/1/15,131.22
3/2/15,139.71
3/3/15,49.34
3/4/15,1.19
3/5/15,0.79
3/6/15,0.86
3/7/15,0.32
3/8/15,1.42
3/9/15,0.28
3/10/15,2.07
3/11/15,42
3/12/15,40.41
3/13/15,0.88
3/14/15,2.93
3/15/15,12.98
3/16/15,51.1
3/17/15,7.91
3/18/15,0.96
3/19/15,1.76
3/20/15,4.89
3/21/15,18.78
3/22/15,36.24
3/23/15,158.95
3/24/15,71.95
3/25/15,14.7
3/26/15,0.68
3/27/15,1.06
3/28/15,2.95
3/29/15,0.08
3/30/15,0.09
3/31/15,13.58
4/1/15,1.62
4/2/15,1.81
4/3/15,0.15
4/4/15,0.41
4/5/15,44.07
4/6/15,111.03
4/7/15,434.37
4/8/15,231.74
4/9/15,3.21
4/10/15,0.56
4/11/15,3.38
4/12/15,2.96
4/13/15,4.54
4/14/15,30.24
4/15/15,0.82
4/16/15,1.85
4/17/15,1.22
4/18/15,0.05
4/19/15,0.19
4/20/15,0.59
4/21/15,2.22
4/22/15,8.36
4/23/15,13.8
4/24/15,75.47
4/25/15,349.89
4/26/15,57.97
4/27/15,5.64
4/28/15,3.69
4/29/15,0.27
4/30/15,0.24
5/1/15,0.74
5/2/15,0.28
5/3/15,0.28
5/4/15,1.42
5/5/15,0.36
5/6/15,2.46
5/7/15,52.6
5/8/15,136.64
5/9/15,25.18
5/10/15,0.68
5/11/15,7.18
5/12/15,18.59
5/13/15,6.4
5/14/15,54.77
5/15/15,206.75
5/16/15,46.58
5/17/15,11.79
5/18/15,18.82
5/19/15,18.85
5/20/15,17.98
5/21/15,42.92
5/22/15,44.28
5/23/15,32
5/24/15,20.08
5/25/15,7.31
5/26/15,8.79
5/27/15,3.28
5/28/15,0.69
5/29/15,0.49
5/30/15,0.3
5/31/15,0.61
6/1/15,9.65
6/2/15,20.48
6/3/15,1.03
6/4/15,11.93
6/5/15,13.17
6/6/15,18.22
6/7/15,6.12
6/8/15,0.9
6/9/15,12.32
6/10/15,65.32
6/11/15,30.95
6/12/15,3.01
6/13/15,5.26
6/14/15,0.42
6/15/15,0.47
6/16/15,0.54
6/17/15,0.1
6/18/15,0.2
6/19/15,0.02
6/20/15,0.05
6/21/15,0.01
6/22/15,0.08
6/23/15,0
6/24/15,0.1
6/25/15,0.1
6/26/15,0.11
6/27/15,0.32
6/28/15,1.09
6/29/15,9.08
6/30/15,5.6
7/1/15,19.07
7/2/15,11.91
7/3/15,13.69
7/4/15,8.6
7/5/15,9.45
7/6/15,9.24
7/7/15,10.83
7/8/15,21.64
7/9/15,48.94
7/10/15,39.99
7/11/15,4.61
7/12/15,3.08
7/13/15,1.75
7/14/15,1.36
7/15/15,0.22
7/16/15,0.27
7/17/15,3.37
7/18/15,53.34
7/19/15,168.9
7/20/15,156.45
7/21/15,25.26
7/22/15,14.12
7/23/15,1.18
7/24/15,0.01
7/25/15,0.52
7/26/15,0.44
7/27/15,0.37
7/28/15,0.36
7/29/15,1.12
7/30/15,7.65
7/31/15,14.72
8/1/15,4.18
8/2/15,5.16
8/3/15,1.14
8/4/15,0.31
8/5/15,1.06
8/6/15,1
8/7/15,9.23
8/8/15,3.07
8/9/15,0.79
8/10/15,0.34
8/11/15,0.88
8/12/15,0.11
8/13/15,0.03
8/14/15,0.06
8/15/15,0.42
8/16/15,0.08
8/17/15,0.11
8/18/15,0
8/19/15,0.15
8/20/15,0.2
8/21/15,0.11
8/22/15,0.03
8/23/15,0.17
8/24/15,0.5
8/25/15,0.84
8/26/15,1.4
8/27/15,0.41
8/28/15,0.34
8/29/15,34.23
8/30/15,2.92
8/31/15,2.12
9/1/15,0.12
9/2/15,0.61
9/3/15,0.16
9/4/15,0.57
9/5/15,1.58
9/6/15,0.1
9/7/15,0.21
9/8/15,1.71
9/9/15,9.04
9/10/15,11.23
9/11/15,1.07
9/12/15,0.95
9/13/15,0.94
9/14/15,10
9/15/15,183.49
9/16/15,144.69
9/17/15,134.51
9/18/15,2.95
9/19/15,0.77
9/20/15,0.1
9/21/15,1.2
9/22/15,0.15
9/23/15,0.01
9/24/15,0.2
9/25/15,0.2
9/26/15,0.09
9/27/15,0.01
9/28/15,0.06
9/29/15,0.13
9/30/15,4.37
10/1/15,53.78
10/2/15,35.05
10/3/15,5.1
10/4/15,46.61
10/5/15,69.33
10/6/15,26.58
10/7/15,0.36
10/8/15,0.4
10/9/15,0.31
10/10/15,2.57
10/11/15,3.32
10/12/15,0.12
10/13/15,0.35
10/14/15,3.98
10/15/15,29.06
10/16/15,43.86
10/17/15,102.34
10/18/15,74.02
10/19/15,30.17
10/20/15,7.82
10/21/15,4.45
10/22/15,1.53
10/23/15,1.09
10/24/15,1
10/25/15,6.31
10/26/15,9.79
10/27/15,4.74
10/28/15,73.65
10/29/15,17.66
10/30/15,2.62
10/31/15,2.98
11/1/15,82.98
11/2/15,440.77
11/3/15,244.52
11/4/15,56.02
11/5/15,3.82
11/6/15,0.86
11/7/15,3.88
11/8/15,90.61
11/9/15,246.77
11/10/15,214.25
11/11/15,9.64
11/12/15,1.96
11/13/15,1.12
11/14/15,5.01
11/15/15,274.11
11/16/15,167.37
11/17/15,10.3
11/18/15,32.47
11/19/15,9.91
11/20/15,18.82
11/21/15,0.67
11/22/15,0.29
11/23/15,2.86
11/24/15,108.54
11/25/15,176.29
11/26/15,14.36
11/27/15,30.43
11/28/15,5.38
11/29/15,0.68
11/30/15,6.42
12/1/15,6.34
12/2/15,31.55
12/3/15,106.85
12/4/15,353.01
12/5/15,14.19
12/6/15,175.16
12/7/15,72.82
12/8/15,39.09
12/9/15,123.6
12/10/15,485.08
12/11/15,395.85
12/12/15,115.55
12/13/15,449.8
12/14/15,355.34
12/15/15,12.79
12/16/15,10.74
12/17/15,48.06
12/18/15,178.62
12/19/15,369.57
12/20/15,175.46
12/21/15,594.17
12/22/15,1069.27
12/23/15,168.03
12/24/15,159.99
12/25/15,134.56
12/26/15,14.62
12/27/15,7.75
12/28/15,72.03
12/29/15,21.13
12/30/15,26.56
12/31/15,5.8
1/1/16,0.87
1/2/16,1.63
1/3/16,9.86
1/4/16,110.69
1/5/16,851.49
1/6/16,963.74
1/7/16,723.63
1/8/16,67.6
1/9/16,112.34
1/10/16,63.23
1/11/16,19.65
1/12/16,24.64
1/13/16,398.24
1/14/16,156.31
1/15/16,333.54
1/16/16,276.99
1/17/16,295.03
1/18/16,823.33
1/19/16,509.44
1/20/16,373.04
1/21/16,12.46
1/22/16,271.37
1/23/16,454.82
1/24/16,113.07
1/25/16,63.28
1/26/16,6.36
1/27/16,1.66
1/28/16,36.26
1/29/16,362.06
1/30/16,393.02
1/31/16,230.48
2/1/16,239.45
2/2/16,40.44
2/3/16,22.35
2/4/16,42.66
2/5/16,1
2/6/16,1.95
2/7/16,0.2
2/8/16,0.33
2/9/16,0.31
2/10/16,0.02
2/11/16,0.47
2/12/16,1.08
2/13/16,6.6
2/14/16,4.6
2/15/16,1.2
2/16/16,2.66
2/17/16,88.06
2/18/16,639.43
2/19/16,153.46
2/20/16,84.44
2/21/16,1.9
2/22/16,8.08
2/23/16,0.8
2/24/16,0.15
2/25/16,0.11
2/26/16,4.04
2/27/16,35.6
2/28/16,7.12
2/29/16,8.07
3/1/16,4
3/2/16,28.59
3/3/16,80.47
3/4/16,105.79
3/5/16,663.3
3/6/16,1345.93
3/7/16,788.93
3/8/16,162.41
3/9/16,112.65
3/10/16,314.84
3/11/16,550.38
3/12/16,551.54
3/13/16,684.32
3/14/16,518.6
3/15/16,12.12
3/16/16,0.73
3/17/16,0.23
3/18/16,0.46
3/19/16,2.53
3/20/16,60.12
3/21/16,290.6
3/22/16,285.61
3/23/16,14.5
3/24/16,2.03
3/25/16,1.24
3/26/16,2.56
3/27/16,10.37
3/28/16,24.32
3/29/16,23.6
3/30/16,15.74
3/31/16,3.52
4/1/16,0.51
4/2/16,1.76
4/3/16,1.94
4/4/16,10.8
4/5/16,0.5
4/6/16,0.26
4/7/16,11.43
4/8/16,67.01
4/9/16,266.88
4/10/16,256.86
4/11/16,65.37
4/12/16,28.54
4/13/16,22.1
4/14/16,139.24
4/15/16,20.33
4/16/16,0.68
4/17/16,0.23
4/18/16,0.55
4/19/16,0.61
4/20/16,0.45
4/21/16,6.07
4/22/16,246.54
4/23/16,252.14
4/24/16,20.09
4/25/16,34.14
4/26/16,13.56
4/27/16,44
4/28/16,47.81
4/29/16,12.41
4/30/16,19.91
5/1/16,5.55
5/2/16,4.76
5/3/16,2
5/4/16,7.53
5/5/16,39.25
5/6/16,151.51
5/7/16,121.26
5/8/16,67.69
5/9/16,8.55
5/10/16,0.66
5/11/16,0.81
5/12/16,0.2
5/13/16,0.2
5/14/16,2.85
5/15/16,8.8
5/16/16,3.87
5/17/16,2.58
5/18/16,0.94
5/19/16,1.17
5/20/16,32.53
5/21/16,80.47
5/22/16,42.37
5/23/16,12.82
5/24/16,21.97
5/25/16,33.63
5/26/16,16.58
5/27/16,0.85
5/28/16,0.81
5/29/16,3.85
5/30/16,1.4
5/31/16,0.51
6/1/16,0.23
6/2/16,0.36
6/3/16,0.32
6/4/16,0.01
6/5/16,0.79
6/6/16,5.4
6/7/16,0.44
6/8/16,0.58
6/9/16,0.45
6/10/16,1.86
6/11/16,1.3
6/12/16,18.55
6/13/16,5.35
6/14/16,1.81
6/15/16,4.86
6/16/16,16.83
6/17/16,34.71
6/18/16,102.42
6/19/16,1.55
6/20/16,1.05
6/21/16,0.09
6/22/16,0
6/23/16,0
6/24/16,0.04
6/25/16,0.01
6/26/16,0
6/27/16,0.05
6/28/16,0.12
6/29/16,1.02
6/30/16,0.52
7/1/16,0.42
7/2/16,1.09
7/3/16,0.65
7/4/16,0.78
7/5/16,0.69
7/6/16,0.11
7/7/16,0.1
7/8/16,6.1
7/9/16,21.13
7/10/16,4.95
7/11/16,1.87
7/12/16,0.02
7/13/16,0
7/14/16,0
7/15/16,0.04
7/16/16,0.13
7/17/16,0.1
7/18/16,0.46
7/19/16,0.33
7/20/16,0.11
7/21/16,0.22
7/22/16,0.1
7/23/16,0.01
7/24/16,0.01
7/25/16,0.14
7/26/16,8.22
7/27/16,0.03
7/28/16,0.17
7/29/16,0.95
7/30/16,2.14
7/31/16,1.26
8/1/16,2.13
8/2/16,0.38
8/3/16,0.44
8/4/16,0.32
8/5/16,2.84
8/6/16,0.49
8/7/16,0.1
8/8/16,0.08
8/9/16,0.05
8/10/16,0.02
8/11/16,0.38
8/12/16,0.13
8/13/16,0.46
8/14/16,0.07
8/15/16,0.23
8/16/16,0.34
8/17/16,0.55
8/18/16,0.34
8/19/16,1.3
8/20/16,1.3
8/21/16,2.06
8/22/16,2.92
8/23/16,2.62
8/24/16,0.63
8/25/16,0.26
8/26/16,0.19
8/27/16,0.47
8/28/16,0.55
8/29/16,0.79
8/30/16,0.22
8/31/16,0.11
9/1/16,0.21
9/2/16,0.42
9/3/16,0.13
9/4/16,0.07
9/5/16,0
9/6/16,0.11
9/7/16,0.01
9/8/16,0.06
9/9/16,0.17
9/10/16,0.03
9/11/16,0.33
9/12/16,1.31
9/13/16,3.29
9/14/16,2
9/15/16,0.12
9/16/16,0.17
9/17/16,0.33
9/18/16,0.27
9/19/16,0.85
9/20/16,18.53
9/21/16,53.64
9/22/16,11.61
9/23/16,2.1
9/24/16,0.52
9/25/16,0.37
9/26/16,0.08
9/27/16,0.01
9/28/16,0.37
9/29/16,0.87
9/30/16,0.84
10/1/16,3.15
10/2/16,40.43
10/3/16,75.39
10/4/16,35.2
10/5/16,11.15
10/6/16,6.25
10/7/16,4.93
10/8/16,3.86
10/9/16,3.9
10/10/16,3.86
10/11/16,4.74
10/12/16,1.78
10/13/16,31.72
10/14/16,461.36
10/15/16,346.22
10/16/16,652.36
10/17/16,651.32
10/18/16,60.49
10/19/16,4.29
10/20/16,3.2
10/21/16,5.95
10/22/16,1.82
10/23/16,7.19
10/24/16,114.8
10/25/16,466.31
10/26/16,120.86
10/27/16,211.43
10/28/16,655.58
10/29/16,210.97
10/30/16,267.63
10/31/16,417.17
11/1/16,231.35
11/2/16,9.83
11/3/16,4.18
11/4/16,1.04
11/5/16,6.18
11/6/16,71.93
11/7/16,6.09
11/8/16,0.18
11/9/16,1.2
11/10/16,0.38
11/11/16,3.43
11/12/16,43.37
11/13/16,3.67
11/14/16,5.15
11/15/16,73.04
11/16/16,45.51
11/17/16,6.61
11/18/16,6.69
11/19/16,323.14
11/20/16,554.47
11/21/16,367.42
11/22/16,39.33
11/23/16,229.41
11/24/16,16.77
11/25/16,36.11
11/26/16,223.51
11/27/16,568.06
11/28/16,152.64
11/29/16,14.53
11/30/16,22.27
12/1/16,5.03
12/2/16,1.2
12/3/16,0.48
12/4/16,1.85
12/5/16,7.59
12/6/16,14.97
12/7/16,35.98
12/8/16,387.35
12/9/16,274.09
12/10/16,731.78
12/11/16,314.28
12/12/16,32.89
12/13/16,16.85
12/14/16,285.27
12/15/16,796.51
12/16/16,1354.19
12/17/16,91.64
12/18/16,2.25
12/19/16,3.98
12/20/16,3.01
12/21/16,42.58
12/22/16,259.91
12/23/16,422.07
12/24/16,547.08
12/25/16,18.81
12/26/16,2.24
12/27/16,10.3
12/28/16,3.21
12/29/16,1.11
12/30/16,35.32
12/31/16,101.58
1/1/17,139.41
1/2/17,104.01
1/3/17,345.17
1/4/17,1073.34
1/5/17,396.76
1/6/17,61.58
1/7/17,436.41
1/8/17,1363.94
1/9/17,1219.35
1/10/17,916.37
1/11/17,1209.25
1/12/17,395.2
1/13/17,252.49
1/14/17,29.82
1/15/17,1.07
1/16/17,0.44
1/17/17,8.56
1/18/17,252.28
1/19/17,1165.15
1/20/17,967.99
1/21/17,743.98
1/22/17,895.84
1/23/17,887.18
1/24/17,180.32
1/25/17,12.65
1/26/17,2.43
1/27/17,0.81
1/28/17,0.33
1/29/17,0.28
1/30/17,0.35
1/31/17,0.33
2/1/17,5.63
2/2/17,226.96
2/3/17,580.23
2/4/17,366.39
2/5/17,102.79
2/6/17,671.01
2/7/17,1371.12
2/8/17,597.87
2/9/17,636.12
2/10/17,905.71
2/11/17,199.39
2/12/17,16.05
2/13/17,7.57
2/14/17,4.34
2/15/17,17.95
2/16/17,452.37
2/17/17,478.53
2/18/17,1157.86
2/19/17,198.32
2/20/17,866.08
2/21/17,978.84
2/22/17,204.57
2/23/17,59.97
2/24/17,16.01
2/25/17,39.99
2/26/17,41.38
2/27/17,221.91
2/28/17,271.51
3/1/17,3.23
3/2/17,2.16
3/3/17,3.99
3/4/17,75.97
3/5/17,407.9
3/6/17,210.75
3/7/17,74.74
3/8/17,34.66
3/9/17,30.61
3/10/17,4.16
3/11/17,0.31
3/12/17,0.37
3/13/17,0.18
3/14/17,0.18
3/15/17,5.75
3/16/17,35.51
3/17/17,1.09
3/18/17,30.29
3/19/17,71.2
3/20/17,66.42
3/21/17,631.97
3/22/17,476.59
3/23/17,118.2
3/24/17,265.61
3/25/17,300.56
3/26/17,41.62
3/27/17,152.98
3/28/17,11.12
3/29/17,10.04
3/30/17,95.54
3/31/17,9.26
4/1/17,2.04
4/2/17,0.79
4/3/17,1.13
4/4/17,1.02
4/5/17,1.69
4/6/17,149.86
4/7/17,838.97
4/8/17,486.36
4/9/17,72.43
4/10/17,49.52
4/11/17,37.83
4/12/17,125.55
4/13/17,358.39
4/14/17,122.09
4/15/17,7.31
4/16/17,45.24
4/17/17,244.9
4/18/17,255.07
4/19/17,63.47
4/20/17,155.53
4/21/17,5.65
4/22/17,5.68
4/23/17,7.02
4/24/17,67.59
4/25/17,30.27
4/26/17,49.58
4/27/17,33.76
4/28/17,1.04
4/29/17,0.33
4/30/17,0.68
5/1/17,0.52
5/2/17,0.5
5/3/17,0.19
5/4/17,0.3
5/5/17,7.3
5/6/17,36.22
5/7/17,128.85
5/8/17,80.93
5/9/17,2.19
5/10/17,4.14
5/11/17,8.54
5/12/17,27.84
5/13/17,12.29
5/14/17,5.19
5/15/17,7.49
5/16/17,36.82
5/17/17,56.06
5/18/17,1.42
5/19/17,0.37
5/20/17,0.2
5/21/17,0.05
5/22/17,0.03
5/23/17,0.05
5/24/17,0.43
5/25/17,2.31
5/26/17,1.41
5/27/17,0.48
5/28/17,0.53
5/29/17,0.92
5/30/17,4.24
5/31/17,42.98
6/1/17,10.72
6/2/17,0.86
6/3/17,0.05
6/4/17,0.22
6/5/17,0.04
6/6/17,0.06
6/7/17,3.75
6/8/17,109.82
6/9/17,49.71
6/10/17,25.1
6/11/17,26.62
6/12/17,50.99
6/13/17,3.61
6/14/17,1.09
6/15/17,2.22
6/16/17,1.46
6/17/17,0.44
6/18/17,0
6/19/17,1.26
6/20/17,2.08
6/21/17,3.13
6/22/17,0.15
6/23/17,0.1
6/24/17,0.5
6/25/17,0.62
6/26/17,1.78
6/27/17,0.42
6/28/17,0.1
6/29/17,0.06
6/30/17,0.28
7/1/17,1.27
7/2/17,0.26
7/3/17,0.06
7/4/17,0.09
7/5/17,0.5
7/6/17,0.65
7/7/17,0.31
7/8/17,2.9
7/9/17,0.46
7/10/17,0.77
7/11/17,0.44
7/12/17,0
7/13/17,0.05
7/14/17,0.18
7/15/17,0.02
7/16/17,0.03
7/17/17,0
7/18/17,0.06
7/19/17,0.26
7/20/17,1.17
7/21/17,0.02
7/22/17,0.1
7/23/17,1.66
7/24/17,9.27
7/25/17,10.09
7/26/17,3.26
7/27/17,0.94
7/28/17,0.28
7/29/17,1.84
7/30/17,1.74
7/31/17,0.23
8/1/17,6.62
8/2/17,15.58
8/3/17,18.28
8/4/17,10.99
8/5/17,9.26
8/6/17,7.84
8/7/17,8.27
8/8/17,4.04
8/9/17,1.74
8/10/17,3.57
8/11/17,4.04
8/12/17,1.17
8/13/17,0.21
8/14/17,1.32
8/15/17,0.59
8/16/17,3.36
8/17/17,1.76
8/18/17,0.64
8/19/17,5.63
8/20/17,1.5
8/21/17,0.97
8/22/17,8.89
8/23/17,3.43
8/24/17,0.6
8/25/17,0.18
8/26/17,0.07
8/27/17,1.51
8/28/17,0.29
8/29/17,1.71
8/30/17,1.12
8/31/17,6.34
9/1/17,7.06
9/2/17,0.94
9/3/17,4.28
9/4/17,14.29
9/5/17,8.68
9/6/17,9.47
9/7/17,32.1
9/8/17,21.99
9/9/17,17.02
9/10/17,11
9/11/17,17.82
9/12/17,25.15
9/13/17,13.89
9/14/17,9.11
9/15/17,0.8
9/16/17,1.36
9/17/17,1.03
9/18/17,11.29
9/19/17,8
9/20/17,50.84
9/21/17,59.57
9/22/17,18.23
9/23/17,3.41
9/24/17,1.46
9/25/17,1.4
9/26/17,0.34
9/27/17,0.16
9/28/17,0.15
9/29/17,0.06
9/30/17,0.26
10/1/17,2.52
10/2/17,0.26
10/3/17,1.24
10/4/17,1.68
10/5/17,0.31
10/6/17,0.1
10/7/17,0.11
10/8/17,0.02
10/9/17,0.04
10/10/17,0.2
10/11/17,0.9
10/12/17,1.26
10/13/17,0.22
10/14/17,0.07
10/15/17,0.62
10/16/17,0.61
10/17/17,0.41
10/18/17,1.98
10/19/17,25.28
10/20/17,312.79
10/21/17,20.22
10/22/17,24.61
10/23/17,7.84
10/24/17,1.35
10/25/17,1.18
10/26/17,1.16
10/27/17,0.08
10/28/17,0.16
10/29/17,0.63
10/30/17,0.78
10/31/17,1.88
11/1/17,2.34
11/2/17,4.98
11/3/17,91.44
11/4/17,183.36
11/5/17,51.68
11/6/17,28.88
11/7/17,2.61
11/8/17,44.49
11/9/17,452.29
11/10/17,147.56
11/11/17,53.5
11/12/17,5.09
11/13/17,96.12
11/14/17,103.31
11/15/17,145.03
11/16/17,815.72
11/17/17,430.02
11/18/17,9.62
11/19/17,3.02
11/20/17,138.02
11/21/17,169.91
11/22/17,6.72
11/23/17,23.35
11/24/17,35.43
11/25/17,3.85
11/26/17,161.23
11/27/17,459.85
11/28/17,9.78
11/29/17,10.99
11/30/17,1.17
12/1/17,0.5
12/2/17,9.52
12/3/17,100.95
12/4/17,6.57
12/5/17,0.67
12/6/17,0.19
12/7/17,1.26
12/8/17,0.43
12/9/17,0.11
12/10/17,0.17
12/11/17,0.77
12/12/17,0.13
12/13/17,0.37
12/14/17,0.28
12/15/17,0.88
12/16/17,2
12/17/17,0.87
12/18/17,1.65
12/19/17,8.51
12/20/17,152.9
12/21/17,19.7
12/22/17,3.46
12/23/17,0.99
12/24/17,0.37
12/25/17,1.49
12/26/17,0.54
12/27/17,1.39
12/28/17,0.88
12/29/17,0.77
12/30/17,8.24
12/31/17,1.37